caldt,spret
20010102,-0.028136
20010103,0.050591
20010104,-0.010667
20010105,-0.026591
20010108,-0.001724
20010109,0.004094
20010110,0.009595
20010111,0.010237
20010112,-0.006454
20010116,0.006357
20010117,0.002163
20010118,0.014016
20010119,-0.004101
20010122,0.00025
20010123,0.013191
20010124,0.002976
20010125,-0.005012
20010126,-0.001704
20010129,0.006798
20010130,0.007054
20010131,-0.005587
20010201,0.005626
20010202,-0.017533
20010205,0.003487
20010206,-0.001383
20010207,-0.008184
20010208,-0.006215
20010209,-0.013722
20010212,0.012105
20010213,-0.008527
20010214,-0.001943
20010215,0.008388
20010216,-0.019003
20010220,-0.017329
20010221,-0.018551
20010222,-0.002012
20010223,-0.005536
20010226,0.017562
20010227,-0.007643
20010228,-0.013917
20010301,0.001024
20010302,-0.005929
20010305,0.006105
20010306,0.010168
20010307,0.006646
20010308,0.00223
20010309,-0.025011
20010312,-0.043332
20010313,0.01548
20010314,-0.025915
20010315,0.005693
20010316,-0.019575
20010319,0.01771
20010320,-0.024259
20010321,-0.017817
20010322,-0.003781
20010323,0.019876
20010326,0.011112
20010327,0.025461
20010328,-0.024266
20010329,-0.004697
20010330,0.01081
20010402,-0.012637
20010403,-0.034411
20010404,-0.00285
20010405,0.043928
20010406,-0.020124
20010409,0.00799
20010410,0.027424
20010411,-0.002032
20010412,0.015173
20010416,-0.003394
20010417,0.010463
20010418,0.039393
20010419,0.012893
20010420,-0.008665
20010423,-0.015198
20010424,-0.012301
20010425,0.015993
20010426,0.004864
20010427,0.015063
20010430,-0.002827
20010501,0.01368
20010502,0.000995
20010503,-0.014686
20010504,0.014492
20010507,-0.002508
20010508,-0.001616
20010509,-0.004568
20010510,-0.000072
20010511,-0.007488
20010514,0.002772
20010515,0.000335
20010516,0.028754
20010517,0.002819
20010518,0.002578
20010521,0.016336
20010522,-0.002543
20010523,-0.015468
20010524,0.00325
20010525,-0.011901
20010529,-0.007846
20010530,-0.015481
20010531,0.006323
20010601,0.003923
20010604,0.005017
20010605,0.013073
20010606,-0.010253
20010607,0.005412
20010608,-0.009416
20010611,-0.008444
20010612,0.001065
20010613,-0.011144
20010614,-0.017572
20010615,-0.004627
20010618,-0.004739
20010619,0.003493
20010620,0.008745
20010621,0.011599
20010622,-0.009653
20010625,-0.005569
20010626,-0.001503
20010627,-0.004428
20010628,0.012878
20010629,-0.001906
20010702,0.010264
20010703,-0.00144
20010705,-0.012378
20010706,-0.023329
20010709,0.006969
20010710,-0.014177
20010711,-0.001062
20010712,0.023841
20010713,0.006271
20010716,-0.010901
20010717,0.010105
20010718,-0.00522
20010719,0.005874
20010720,-0.003578
20010723,-0.016416
20010724,-0.016269
20010725,0.015906
20010726,0.010376
20010727,0.00248
20010730,-0.001052
20010731,0.005557
20010801,0.003961
20010802,0.004196
20010803,-0.004968
20010806,-0.011433
20010807,0.003376
20010808,-0.017197
20010809,0.000115
20010810,0.005657
20010813,0.000993
20010814,-0.003823
20010815,-0.007176
20010816,0.003016
20010817,-0.016517
20010820,0.008191
20010821,-0.012215
20010822,0.007032
20010823,-0.002899
20010824,0.019594
20010827,-0.004758
20010828,-0.015032
20010829,-0.01116
20010830,-0.016905
20010831,0.004151
20010904,-0.000577
20010905,-0.000843
20010906,-0.022362
20010907,-0.018559
20010910,0.006272
20010917,-0.048809
20010918,-0.005685
20010919,-0.015842
20010920,-0.030608
20010921,-0.019281
20010924,0.039013
20010925,0.008676
20010926,-0.004796
20010927,0.011205
20010928,0.021785
20011001,-0.002042
20011002,0.012118
20011003,0.020305
20011004,-0.002687
20011005,0.001936
20011008,-0.008232
20011009,-0.005335
20011010,0.022889
20011011,0.015018
20011012,-0.005068
20011015,-0.001281
20011016,0.007021
20011017,-0.018789
20011018,-0.007369
20011019,0.004644
20011022,0.015344
20011023,-0.004935
20011024,0.000428
20011025,0.013861
20011026,0.003997
20011029,-0.023652
20011030,-0.017126
20011031,0.000007
20011101,0.023063
20011102,0.003038
20011105,0.014451
20011106,0.014678
20011107,-0.002379
20011108,0.002338
20011109,0.001478
20011112,-0.001631
20011113,0.018696
20011114,0.002472
20011115,0.001131
20011116,-0.003265
20011119,0.010845
20011120,-0.007236
20011121,-0.004852
20011123,0.011676
20011126,0.006317
20011127,-0.006856
20011128,-0.018019
20011129,0.010498
20011130,-0.000686
20011203,-0.008461
20011204,0.013202
20011205,0.022692
20011206,-0.002598
20011207,-0.007555
20011210,-0.015739
20011211,-0.002868
20011212,0.000496
20011213,-0.01554
20011214,0.00326
20011217,0.01015
20011218,0.007712
20011219,0.005992
20011220,-0.008188
20011221,0.004232
20011224,-0.000286
20011226,0.004117
20011227,0.006945
20011228,0.003304
20011231,-0.011112
20020102,0.005905
20020103,0.009302
20020104,0.006248
20020107,-0.006477
20020108,-0.003317
20020109,-0.00471
20020110,0.001231
20020111,-0.009368
20020114,-0.006209
20020115,0.006759
20020116,-0.016412
20020117,0.010424
20020118,-0.009908
20020122,-0.007226
20020123,0.007627
20020124,0.003444
20020125,0.001022
20020128,-0.00021
20020129,-0.028604
20020130,0.011913
20020131,0.015062
20020201,-0.007379
20020204,-0.024551
20020205,-0.003882
20020206,-0.006016
20020207,-0.002897
20020208,0.014955
20020211,0.014348
20020212,-0.003956
20020213,0.01034
20020214,-0.001707
20020215,-0.011077
20020219,-0.01881
20020220,0.013757
20020221,-0.015566
20020222,0.007934
20020225,0.018069
20020226,0.000002
20020227,0.00089
20020228,-0.002858
20020301,0.022751
20020304,0.019576
20020305,-0.006701
20020306,0.014598
20020307,-0.004533
20020308,0.005946
20020311,0.003259
20020312,-0.002261
20020313,-0.009669
20020314,-0.000854
20020315,0.011431
20020318,-0.000649
20020319,0.004117
20020320,-0.015796
20020321,0.001608
20020322,-0.004151
20020325,-0.014667
20020326,0.006045
20020327,0.005253
20020328,0.002583
20020401,-0.001007
20020402,-0.008665
20020403,-0.009769
20020404,0.001006
20020405,-0.003188
20020408,0.002535
20020409,-0.006698
20020410,0.011447
20020411,-0.023712
20020412,0.006875
20020415,-0.007851
20020416,0.023342
20020417,-0.002028
20020418,-0.001395
20020419,0.000537
20020422,-0.015421
20020423,-0.006119
20020424,-0.007069
20020425,-0.001515
20020426,-0.013817
20020429,-0.010137
20020430,0.010847
20020501,0.008925
20020502,-0.001734
20020503,-0.010451
20020506,-0.019455
20020507,-0.002952
20020508,0.037787
20020509,-0.014458
20020510,-0.016818
20020513,0.018695
20020514,0.02127
20020515,-0.00534
20020516,0.006577
20020517,0.007806
20020520,-0.01318
20020521,-0.011087
20020522,0.005715
20020523,0.01019
20020524,-0.012327
20020528,-0.008512
20020529,-0.006341
20020530,-0.002676
20020531,0.00224
20020603,-0.024935
20020604,0.000105
20020605,0.00932
20020606,-0.019821
20020607,-0.001546
20020610,0.003383
20020611,-0.016831
20020612,0.006998
20020613,-0.010477
20020614,-0.002054
20020617,0.028663
20020618,0.000924
20020619,-0.016437
20020620,-0.013501
20020621,-0.01719
20020624,0.00366
20020625,-0.016876
20020626,-0.002134
20020627,0.017571
20020628,-0.001056
20020701,-0.021579
20020702,-0.020978
20020703,0.006182
20020705,0.036595
20020708,-0.011927
20020709,-0.02476
20020710,-0.03339
20020711,0.007639
20020712,-0.006274
20020715,-0.003375
20020716,-0.018342
20020717,0.005471
20020718,-0.027239
20020719,-0.037928
20020722,-0.032725
20020723,-0.026776
20020724,0.057541
20020725,-0.00584
20020726,0.017077
20020729,0.054307
20020730,0.004327
20020731,0.00992
20020801,-0.029658
20020802,-0.022838
20020805,-0.0343
20020806,0.029969
20020807,0.020293
20020808,0.032876
20020809,0.003703
20020812,-0.005184
20020813,-0.021696
20020814,0.040419
20020815,0.011664
20020816,-0.001583
20020819,0.023686
20020820,-0.013976
20020821,0.012921
20020822,0.014268
20020823,-0.022789
20020826,0.007781
20020827,-0.013999
20020828,-0.018013
20020829,-0.000033
20020830,-0.001847
20020903,-0.041685
20020904,0.017929
20020905,-0.015934
20020906,0.016837
20020909,0.010296
20020910,0.007358
20020911,0.000052
20020912,-0.024614
20020913,0.003234
20020916,0.001572
20020917,-0.019903
20020918,-0.004449
20020919,-0.03024
20020920,0.002421
20020923,-0.013856
20020924,-0.017242
20020925,0.025197
20020926,0.018286
20020927,-0.0324
20020930,-0.014676
20021001,0.040142
20021002,-0.023463
20021003,-0.010939
20021004,-0.022356
20021007,-0.018998
20021008,0.017385
20021009,-0.02732
20021010,0.035139
20021011,0.039184
20021014,0.007451
20021015,0.047306
20021016,-0.023981
20021017,0.022417
20021018,0.00595
20021021,0.0173
20021022,-0.010559
20021023,0.00671
20021024,-0.015268
20021025,0.017164
20021028,-0.008141
20021029,-0.008896
20021030,0.009984
20021031,-0.005451
20021101,0.017241
20021104,0.008064
20021105,0.007853
20021106,0.009268
20021107,-0.022657
20021108,-0.008776
20021111,-0.020847
20021112,0.007818
20021113,-0.000251
20021114,0.024892
20021115,0.006208
20021118,-0.010388
20021119,-0.003875
20021120,0.019632
20021121,0.021612
20021122,-0.003658
20021125,0.002631
20021126,-0.02065
20021127,0.028154
20021129,-0.002801
20021202,-0.001923
20021203,-0.014582
20021204,-0.003214
20021205,-0.0121
20021206,0.006233
20021209,-0.022088
20021210,0.01409
20021211,0.000761
20021212,-0.003803
20021213,-0.013341
20021216,0.023527
20021217,-0.008152
20021218,-0.013111
20021219,-0.007509
20021220,0.013063
20021223,0.001769
20021224,-0.005496
20021226,-0.003133
20021227,-0.015639
20021230,0.004597
20021231,0.000696
20030102,0.033246
20030103,-0.000367
20030106,0.022472
20030107,-0.006533
20030108,-0.013812
20030109,0.01938
20030110,-0.000159
20030113,-0.001301
20030114,0.005722
20030115,-0.014373
20030116,-0.003915
20030117,-0.013969
20030121,-0.015645
20030122,-0.010349
20030123,0.009972
20030124,-0.029159
20030127,-0.016181
20030128,0.012975
20030129,0.006993
20030130,-0.022557
20030131,0.013113
20030203,0.005461
20030204,-0.013943
20030205,-0.005392
20030206,-0.006321
20030207,-0.009932
20030210,0.007597
20030211,-0.008036
20030212,-0.01223
20030213,-0.00152
20030214,0.021282
20030218,0.019581
20030219,-0.006785
20030220,-0.009393
20030221,0.013112
20030224,-0.018206
20030225,0.007138
20030226,-0.012801
20030227,0.011728
20030228,0.004509
20030303,-0.007534
20030304,-0.015318
20030305,0.009855
20030306,-0.009021
20030307,0.008279
20030310,-0.025728
20030311,-0.008296
20030312,0.004763
20030313,0.034451
20030314,0.001544
20030317,0.035568
20030318,0.00435
20030319,0.008761
20030320,0.002012
20030321,0.023016
20030324,-0.035073
20030325,0.01211
20030326,-0.005364
20030327,-0.001528
20030328,-0.005695
20030331,-0.017773
20030401,0.012179
20030402,0.026384
20030403,-0.005007
20030404,0.002644
20030407,0.001289
20030408,-0.001538
20030409,-0.01395
20030410,0.006378
20030411,-0.003608
20030414,0.019493
20030415,0.006465
20030416,-0.012187
20030417,0.015607
20030421,-0.001818
20030422,0.021682
20030423,0.008705
20030424,-0.008316
20030425,-0.013862
20030428,0.018076
20030429,0.00335
20030430,-0.000962
20030501,-0.000452
20030502,0.015234
20030505,-0.003538
20030506,0.008504
20030507,-0.005106
20030508,-0.009991
20030509,0.014479
20030512,0.012629
20030513,-0.002764
20030514,-0.002883
20030515,0.007774
20030516,-0.002362
20030519,-0.024943
20030520,-0.00114
20030521,0.004004
20030522,0.009243
20030523,0.001544
20030527,0.019697
20030528,0.002053
20030529,-0.003851
20030530,0.014925
20030602,0.003332
20030603,0.00484
20030604,0.015265
20030605,0.004117
20030606,-0.002472
20030609,-0.011825
20030610,0.009157
20030611,0.013183
20030612,0.000975
20030613,-0.010008
20030616,0.022413
20030617,0.001095
20030618,-0.001437
20030619,-0.015104
20030620,0.001001
20030623,-0.014234
20030624,0.00199
20030625,-0.008161
20030626,0.010949
20030627,-0.009802
20030630,-0.001559
20030701,0.008154
20030702,0.011611
20030703,-0.007889
20030707,0.018744
20030708,0.003558
20030709,-0.005333
20030710,-0.01337
20030711,0.009603
20030714,0.006048
20030715,-0.003806
20030716,-0.006115
20030717,-0.012321
20030718,0.011728
20030721,-0.014638
20030722,0.009655
20030723,0.000771
20030724,-0.007269
20030725,0.017468
20030728,-0.002175
20030729,-0.007285
20030730,-0.001563
20030731,0.003175
20030801,-0.010252
20030804,0.002728
20030805,-0.017644
20030806,0.001924
20030807,0.007343
20030808,0.003572
20030811,0.003208
20030812,0.010111
20030813,-0.006115
20030814,0.006488
20030815,0.000418
20030818,0.00933
20030819,0.002735
20030820,-0.00205
20030821,0.003015
20030822,-0.01019
20030825,0.000658
20030826,0.002993
20030827,0.000334
20030828,0.006119
20030829,0.00527
20030902,0.013941
20030903,0.004405
20030904,0.001619
20030905,-0.006311
20030908,0.010195
20030909,-0.00849
20030910,-0.011686
20030911,0.005713
20030912,0.002236
20030915,-0.00364
20030916,0.014114
20030917,-0.003231
20030918,0.013328
20030919,-0.002951
20030922,-0.013256
20030923,0.005983
20030924,-0.018881
20030925,-0.005729
20030926,-0.006388
20030929,0.009571
20030930,-0.010382
20031001,0.022056
20031002,0.002432
20031003,0.00929
20031006,0.004461
20031007,0.004694
20031008,-0.004692
20031009,0.004844
20031010,-0.000769
20031013,0.006812
20031014,0.003898
20031015,-0.002594
20031016,0.003124
20031017,-0.010132
20031020,0.005171
20031021,0.001332
20031022,-0.0148
20031023,0.003225
20031024,-0.004808
20031027,0.002041
20031028,0.015162
20031029,0.001575
20031030,-0.000914
20031031,0.00339
20031103,0.008194
20031104,-0.005461
20031105,-0.001016
20031106,0.005769
20031107,-0.004391
20031110,-0.005751
20031111,-0.000464
20031112,0.011811
20031113,-0.00007
20031114,-0.007441
20031117,-0.006666
20031118,-0.008659
20031119,0.008253
20031120,-0.008429
20031121,0.001325
20031124,0.015991
20031125,0.002153
20031126,0.004292
20031128,0.000257
20031201,0.010864
20031202,-0.003141
20031203,-0.001255
20031204,0.004582
20031205,-0.007591
20031208,0.006946
20031209,-0.008243
20031210,-0.000868
20031211,0.011753
20031212,0.002678
20031215,-0.005515
20031216,0.006368
20031217,0.001538
20031218,0.012038
20031219,-0.000488
20031222,0.003851
20031223,0.002831
20031224,-0.001779
20031226,0.001659
20031229,0.012699
20031230,0.000058
20031231,0.001977
20040102,-0.002718
20040105,0.012364
20040106,0.001528
20040107,0.002585
20040108,0.004679
20040109,-0.008475
20040112,0.004793
20040113,-0.005393
20040114,0.008278
20040115,0.001495
20040116,0.006694
20040120,-0.000525
20040121,0.007649
20040122,-0.003036
20040123,-0.002351
20040126,0.012178
20040127,-0.009621
20040128,-0.013277
20040129,0.005016
20040130,-0.002478
20040202,0.00364
20040203,0.000614
20040204,-0.008127
20040205,0.002054
20040206,0.012434
20040209,-0.002286
20040210,0.00484
20040211,0.011368
20040212,-0.004601
20040213,-0.005269
20040217,0.009678
20040218,-0.004407
20040219,-0.003957
20040220,-0.0025
20040223,-0.00287
20040224,-0.001514
20040225,0.00426
20040226,0.001237
20040227,-0.000024
20040301,0.009762
20040302,-0.005752
20040303,0.001919
20040304,0.003157
20040305,0.001926
20040308,-0.00826
20040309,-0.005721
20040310,-0.014679
20040311,-0.014918
20040312,0.012322
20040315,-0.01423
20040316,0.00573
20040317,0.011729
20040318,-0.001203
20040319,-0.0112
20040322,-0.013048
20040323,-0.001156
20040324,-0.002434
20040325,0.016206
20040326,-0.000815
20040329,0.013132
20040330,0.004022
20040331,-0.000659
20040401,0.005428
20040402,0.008499
20040405,0.007584
20040406,-0.001835
20040407,-0.006451
20040408,-0.001078
20040412,0.005075
20040413,-0.013717
20040414,-0.001355
20040415,0.000772
20040416,0.005128
20040419,0.000979
20040420,-0.015488
20040421,0.0054
20040422,0.014153
20040423,0.000458
20040426,-0.004327
20040427,0.002277
20040428,-0.01386
20040429,-0.007199
20040430,-0.005701
20040503,0.009089
20040504,0.001954
20040505,0.001962
20040506,-0.006614
20040507,-0.013799
20040510,-0.01045
20040511,0.007734
20040512,0.00216
20040513,-0.000728
20040514,-0.000652
20040517,-0.010458
20040518,0.006922
20040519,-0.002406
20040520,0.000429
20040521,0.004089
20040524,0.001645
20040525,0.016007
20040526,0.001853
20040527,0.005851
20040528,-0.000495
20040601,0.000453
20040602,0.003755
20040603,-0.007405
20040604,0.005301
20040607,0.015999
20040608,0.001497
20040609,-0.009407
20040610,0.004535
20040614,-0.009595
20040615,0.006175
20040616,0.001322
20040617,-0.001251
20040618,0.002568
20040621,-0.004012
20040622,0.003691
20040623,0.008492
20040624,-0.002716
20040625,-0.004353
20040628,-0.002032
20040629,0.002597
20040630,0.004081
20040701,-0.010334
20040702,-0.00315
20040706,-0.008059
20040707,0.002064
20040708,-0.008176
20040709,0.00336
20040712,0.001347
20040713,0.000891
20040714,-0.003252
20040715,-0.004479
20040716,-0.004617
20040719,-0.000583
20040720,0.007021
20040721,-0.013014
20040722,0.002476
20040723,-0.009586
20040726,-0.001908
20040727,0.009859
20040728,0.000861
20040729,0.004932
20040730,0.001215
20040802,0.004189
20040803,-0.006307
20040804,-0.000739
20040805,-0.016296
20040806,-0.015405
20040809,0.00123
20040810,0.012917
20040811,-0.002377
20040812,-0.011584
20040813,0.001654
20040816,0.013586
20040817,0.002233
20040818,0.012678
20040819,-0.003601
20040820,0.006546
20040823,-0.002431
20040824,0.000513
20040825,0.008058
20040826,0.000099
20040827,0.002605
20040830,-0.007672
20040831,0.004626
20040901,0.001867
20040902,0.011267
20040903,-0.004149
20040907,0.006902
20040908,-0.00432
20040909,0.001967
20040910,0.004951
20040913,0.001872
20040914,0.002343
20040915,-0.00705
20040916,0.002814
20040917,0.004516
20040920,-0.005686
20040921,0.006354
20040922,-0.01382
20040923,-0.004464
20040924,0.001552
20040927,-0.006009
20040928,0.006142
20040929,0.004333
20040930,-0.000249
20041001,0.015042
20041004,0.00345
20041005,-0.000651
20041006,0.007019
20041007,-0.009879
20041008,-0.007454
20041011,0.001978
20041012,-0.00234
20041013,-0.007265
20041014,-0.00929
20041015,0.004392
20041018,0.005151
20041019,-0.009663
20041020,0.000547
20041021,0.002661
20041022,-0.009728
20041025,-0.000867
20041026,0.01472
20041027,0.013192
20041028,0.001992
20041029,0.002484
20041101,0.000382
20041102,0.0001
20041103,0.011265
20041104,0.016264
20041105,0.00398
20041108,-0.001069
20041109,-0.000257
20041110,-0.000856
20041111,0.009059
20041112,0.00898
20041115,0.000014
20041116,-0.006985
20041117,0.005632
20041118,0.0013
20041119,-0.011029
20041122,0.005811
20041123,-0.000215
20041124,0.004204
20041126,0.00082
20041129,-0.003267
20041130,-0.00393
20041201,0.015133
20041202,-0.000894
20041203,0.000751
20041206,-0.000699
20041207,-0.010808
20041208,0.004761
20041209,0.005408
20041210,-0.001076
20041213,0.009072
20041214,0.003944
20041215,0.002063
20041216,-0.002021
20041217,-0.007143
20041220,0.000072
20041221,0.009052
20041222,0.003746
20041223,0.00053
20041227,-0.004327
20041228,0.007054
20041229,0.000173
20041230,0.000114
20041231,-0.001332
20050103,-0.008183
20050104,-0.011433
20050105,-0.003554
20050106,0.003732
20050107,-0.001434
20050110,0.003391
20050111,-0.006016
20050112,0.004448
20050113,-0.008636
20050114,0.006056
20050118,0.00976
20050119,-0.009411
20050120,-0.007726
20050121,-0.006536
20050124,-0.003465
20050125,0.003904
20050126,0.004918
20050127,0.000607
20050128,-0.002654
20050131,0.00853
20050201,0.006962
20050202,0.003312
20050203,-0.002412
20050204,0.011111
20050207,-0.001094
20050208,0.000797
20050209,-0.008406
20050210,0.004295
20050211,0.007176
20050214,0.000858
20050215,0.003244
20050216,0.000143
20050217,-0.007787
20050218,0.000722
20050222,-0.014433
20050223,0.005704
20050224,0.008175
20050225,0.009481
20050228,-0.006486
20050301,0.005575
20050302,0.000169
20050303,0.00038
20050304,0.009668
20050307,0.002533
20050308,-0.004759
20050309,-0.009975
20050310,0.001724
20050311,-0.007113
20050314,0.005522
20050315,-0.007464
20050316,-0.00799
20050317,0.001737
20050318,-0.000502
20050321,-0.004879
20050322,-0.01008
20050323,0.000719
20050324,-0.000851
20050328,0.002457
20050329,-0.007431
20050330,0.013874
20050331,-0.000626
20050401,-0.006551
20050404,0.003059
20050405,0.004415
20050406,0.002461
20050407,0.005962
20050408,-0.008262
20050411,0
20050412,0.005602
20050413,-0.011597
20050414,-0.00998
20050415,-0.016666
20050418,0.002891
20050419,0.00601
20050420,-0.0131
20050421,0.019396
20050422,-0.006543
20050425,0.00857
20050426,-0.008713
20050427,0.004134
20050428,-0.011232
20050429,0.011924
20050502,0.004631
20050503,-0.000665
20050504,0.012439
20050505,-0.002367
20050506,-0.001131
20050509,0.006458
20050510,-0.010715
20050511,0.004677
20050512,-0.010012
20050513,-0.004432
20050516,0.010269
20050517,0.006984
20050518,0.0103
20050519,0.004722
20050520,-0.001613
20050523,0.003976
20050524,0.000168
20050525,-0.003358
20050526,0.006507
20050527,0.001139
20050531,-0.006018
20050601,0.009253
20050602,0.001899
20050603,-0.006863
20050606,0.001293
20050607,-0.000229
20050608,-0.00203
20050609,0.005391
20050610,-0.002336
20050613,0.002484
20050614,0.002762
20050615,0.002341
20050616,0.003619
20050617,0.004866
20050620,-0.000713
20050621,-0.002065
20050622,0.000285
20050623,-0.010609
20050624,-0.00759
20050627,-0.000732
20050628,0.009353
20050629,-0.001211
20050630,-0.007188
20050701,0.002837
20050705,0.009013
20050706,-0.008072
20050707,0.002497
20050708,0.011644
20050711,0.00632
20050712,0.002328
20050713,0.000996
20050714,0.002641
20050715,0.001158
20050718,-0.005506
20050719,0.00683
20050720,0.004731
20050721,-0.006551
20050722,0.005279
20050725,-0.003734
20050726,0.001625
20050727,0.004746
20050728,0.005865
20050729,-0.007682
20050801,0.000921
20050802,0.007203
20050803,0.000961
20050804,-0.007454
20050805,-0.007581
20050808,-0.00269
20050809,0.006739
20050810,-0.001457
20050811,0.007092
20050812,-0.005907
20050815,0.002992
20050816,-0.011863
20050817,0.000947
20050818,-0.000896
20050819,0.000649
20050822,0.001575
20050823,-0.0034
20050824,-0.006496
20050825,0.002298
20050826,-0.005893
20050829,0.006146
20050830,-0.003064
20050831,0.010118
20050901,0.001168
20050902,-0.002892
20050906,0.012683
20050907,0.002604
20050908,-0.003834
20050909,0.007993
20050912,-0.000658
20050913,-0.00733
20050914,-0.003321
20050915,0.000423
20050916,0.008105
20050919,-0.005402
20050920,-0.007778
20050921,-0.009393
20050922,0.003907
20050923,0.000566
20050926,0.000305
20050927,0.000078
20050928,0.001166
20050929,0.008925
20050930,0.001059
20051003,-0.001663
20051004,-0.00979
20051005,-0.014432
20051006,-0.004147
20051007,0.003787
20051010,-0.00714
20051011,-0.001923
20051012,-0.005934
20051013,-0.000623
20051014,0.008248
20051017,0.003046
20051018,-0.00996
20051019,0.015022
20051020,-0.01501
20051021,0.001615
20051024,0.016778
20051025,-0.002479
20051026,-0.004176
20051027,-0.010418
20051028,0.01658
20051031,0.00751
20051101,-0.003382
20051102,0.010144
20051103,0.004592
20051104,0.000277
20051107,0.002369
20051108,-0.002964
20051109,0.001656
20051110,0.008832
20051111,0.003027
20051114,-0.000716
20051115,-0.003739
20051116,0.002052
20051117,0.009395
20051118,0.004443
20051121,0.0053
20051122,0.005053
20051123,0.003624
20051125,0.002014
20051128,-0.008404
20051129,0.000076
20051130,-0.006012
20051201,0.012035
20051202,0.000412
20051205,-0.002464
20051206,0.001262
20051207,-0.004769
20051208,-0.001017
20051209,0.002859
20051212,0.001008
20051213,0.005631
20051214,0.004246
20051215,-0.001405
20051216,-0.002829
20051219,-0.005893
20051220,-0.00032
20051221,0.002485
20051222,0.004371
20051223,0.000513
20051227,-0.00953
20051228,0.001441
20051229,-0.002898
20051230,-0.004988
20060103,0.016374
20060104,0.003931
20060105,0.000035
20060106,0.009559
20060109,0.00371
20060110,-0.00034
20060111,0.003637
20060112,-0.006328
20060113,0.001146
20060117,-0.003727
20060118,-0.003855
20060119,0.005627
20060120,-0.018242
20060123,0.001952
20060124,0.002346
20060125,-0.001663
20060126,0.007313
20060127,0.007846
20060130,0.001336
20060131,-0.004009
20060201,0.001969
20060202,-0.008613
20060203,-0.005509
20060206,0.00066
20060207,-0.008058
20060208,0.009058
20060209,-0.001368
20060210,0.002512
20060213,-0.003194
20060214,0.010232
20060215,0.003883
20060216,0.007384
20060217,-0.001742
20060221,-0.003292
20060222,0.007578
20060223,-0.003421
20060224,0.001314
20060227,0.003839
20060228,-0.010479
20060301,0.008457
20060302,-0.001631
20060303,-0.001352
20060306,-0.006979
20060307,-0.001836
20060308,0.002283
20060309,-0.004849
20060310,0.00739
20060313,0.002234
20060314,0.010364
20060315,0.004471
20060316,0.002011
20060317,0.001535
20060320,-0.001426
20060321,-0.006015
20060322,0.005919
20060323,-0.002579
20060324,0.000929
20060327,-0.001102
20060328,-0.006381
20060329,0.007607
20060330,-0.002014
20060331,-0.004061
20060403,0.002241
20060404,0.006185
20060405,0.004393
20060406,-0.001739
20060407,-0.01041
20060410,0.000812
20060411,-0.007571
20060412,0.001395
20060413,0.000549
20060417,-0.002936
20060418,0.017268
20060419,0.001975
20060420,0.001117
20060421,-0.000263
20060424,-0.002293
20060425,-0.004814
20060426,0.002912
20060427,0.003428
20060428,0.00013
20060501,-0.00403
20060502,0.006031
20060503,-0.00381
20060504,0.003361
20060505,0.010378
20060508,-0.000732
20060509,0.000369
20060510,-0.001231
20060511,-0.012812
20060512,-0.011258
20060515,0.002776
20060516,-0.001848
20060517,-0.016619
20060518,-0.006312
20060519,0.004042
20060522,-0.003819
20060523,-0.004235
20060524,0.0018
20060525,0.011691
20060526,0.005726
20060530,-0.015789
20060531,0.008296
20060601,0.012175
20060602,0.001818
20060605,-0.017655
20060606,-0.001219
20060607,-0.005803
20060608,0.001489
20060609,-0.004422
20060612,-0.012678
20060613,-0.009978
20060614,0.005326
20060615,0.021335
20060616,-0.003563
20060619,-0.008887
20060620,-0.000005
20060621,0.009863
20060622,-0.005087
20060623,-0.000932
20060626,0.004783
20060627,-0.009043
20060628,0.005636
20060629,0.021357
20060630,-0.001923
20060703,0.007765
20060705,-0.007198
20060706,0.002673
20060707,-0.006819
20060710,0.001586
20060711,0.004022
20060712,-0.010929
20060713,-0.013011
20060714,-0.00501
20060717,-0.001411
20060718,0.001928
20060719,0.018576
20060720,-0.008438
20060721,-0.006877
20060724,0.016571
20060725,0.006597
20060726,-0.000387
20060727,-0.004176
20060728,0.012279
20060731,-0.001447
20060801,-0.004552
20060802,0.006216
20060803,0.001721
20060804,-0.00053
20060807,-0.002774
20060808,-0.003224
20060809,-0.004192
20060810,0.004944
20060811,-0.003833
20060814,0.001336
20060815,0.013633
20060816,0.007743
20060817,0.001772
20060818,0.003713
20060821,-0.003634
20060822,0.000837
20060823,-0.004445
20060824,0.002327
20060825,-0.000648
20060828,0.005286
20060829,0.002227
20060830,0.000458
20060831,-0.000215
20060901,0.005495
20060905,0.001805
20060906,-0.009614
20060907,-0.004711
20060908,0.003973
20060911,0.000631
20060912,0.010463
20060913,0.004132
20060914,-0.001123
20060915,0.00267
20060918,0.00098
20060919,-0.002129
20060920,0.005368
20060921,-0.005158
20060922,-0.002552
20060925,0.008747
20060926,0.007516
20060927,0.000458
20060928,0.001996
20060929,-0.002545
20061002,-0.003423
20061003,0.002116
20061004,0.012186
20061005,0.002456
20061006,-0.002666
20061009,0.000848
20061010,0.002047
20061011,-0.002461
20061012,0.009525
20061013,0.002007
20061016,0.002565
20061017,-0.00371
20061018,0.001525
20061019,0.000659
20061020,0.001424
20061023,0.006464
20061024,0.000292
20061025,0.003276
20061026,0.00514
20061027,-0.008419
20061030,0.000385
20061031,-0.000015
20061101,-0.007139
20061102,-0.000248
20061103,-0.002315
20061106,0.011232
20061107,0.002231
20061108,0.002306
20061109,-0.005224
20061110,0.001833
20061113,0.002777
20061114,0.006538
20061115,0.00272
20061116,0.002256
20061117,0.001011
20061120,-0.000429
20061121,0.001679
20061122,0.002671
20061124,-0.003604
20061127,-0.013792
20061128,0.003569
20061129,0.009591
20061130,0.000785
20061201,-0.003004
20061204,0.009032
20061205,0.003997
20061206,-0.001066
20061207,-0.003949
20061208,0.00185
20061211,0.002274
20061212,-0.001092
20061213,0.001403
20061214,0.008789
20061215,0.001105
20061218,-0.003338
20061219,0.002107
20061220,-0.001366
20061221,-0.003446
20061222,-0.005147
20061226,0.004361
20061227,0.007192
20061228,-0.001451
20061229,-0.004457
20070103,-0.000608
20070104,0.001271
20070105,-0.00612
20070108,0.002546
20070109,-0.000375
20070110,0.002028
20070111,0.006531
20070112,0.004775
20070116,0.000817
20070117,-0.000865
20070118,-0.002969
20070119,0.002904
20070122,-0.005188
20070123,0.003396
20070124,0.008468
20070125,-0.011029
20070126,-0.00119
20070129,-0.001004
20070130,0.005687
20070131,0.006774
20070201,0.005568
20070202,0.001684
20070205,-0.000834
20070206,0.000685
20070207,0.001834
20070208,-0.001081
20070209,-0.006948
20070212,-0.00326
20070213,0.007644
20070214,0.007753
20070215,0.001301
20070216,-0.000821
20070220,0.003142
20070221,-0.001342
20070222,-0.000634
20070223,-0.003514
20070226,-0.001029
20070227,-0.034485
20070228,0.005525
20070301,-0.00244
20070302,-0.011377
20070305,-0.009372
20070306,0.015521
20070307,-0.002256
20070308,0.007116
20070309,0.000661
20070312,0.002718
20070313,-0.020177
20070314,0.006684
20070315,0.003798
20070316,-0.003768
20070319,0.010896
20070320,0.006356
20070321,0.017155
20070322,-0.000291
20070323,0.00104
20070326,0.000892
20070327,-0.006174
20070328,-0.007799
20070329,0.003756
20070330,-0.0011
20070402,0.002671
20070403,0.009583
20070404,0.001116
20070405,0.003259
20070409,0.000647
20070410,0.002508
20070411,-0.006686
20070412,0.006138
20070413,0.00339
20070416,0.010951
20070417,0.002093
20070418,0.000639
20070419,-0.001267
20070420,0.009388
20070423,-0.002352
20070424,-0.000419
20070425,0.010188
20070426,-0.000542
20070427,-0.000027
20070430,-0.00783
20070501,0.002661
20070502,0.006539
20070503,0.004588
20070504,0.002098
20070507,0.002619
20070508,-0.001141
20070509,0.003426
20070510,-0.013742
20070511,0.009678
20070514,-0.001727
20070515,-0.001277
20070516,0.008796
20070517,-0.000852
20070518,0.006584
20070521,0.001498
20070522,-0.000637
20070523,-0.001249
20070524,-0.009527
20070525,0.005485
20070529,0.001739
20070530,0.008322
20070531,0.00029
20070601,0.003924
20070604,0.00214
20070605,-0.005426
20070606,-0.00857
20070607,-0.017533
20070608,0.011377
20070611,0.000883
20070612,-0.010667
20070613,0.015382
20070614,0.004732
20070615,0.006464
20070618,-0.001188
20070619,0.001677
20070620,-0.013529
20070621,0.006269
20070622,-0.012753
20070625,-0.003234
20070626,-0.003169
20070627,0.009234
20070628,-0.000429
20070629,-0.001595
20070702,0.010843
20070703,0.003776
20070705,0.000333
20070706,0.003705
20070709,0.000932
20070710,-0.01428
20070711,0.005829
20070712,0.019041
20070713,0.003154
20070716,-0.001889
20070717,-0.000098
20070718,-0.002108
20070719,0.004602
20070720,-0.012254
20070723,0.004817
20070724,-0.019565
20070725,0.004561
20070726,-0.023315
20070727,-0.015888
20070730,0.010092
20070731,-0.012557
20070801,0.007326
20070802,0.004757
20070803,-0.026444
20070806,0.024111
20070807,0.006064
20070808,0.014572
20070809,-0.029118
20070810,0.00001
20070813,-0.000311
20070814,-0.018291
20070815,-0.013532
20070816,0.003333
20070817,0.02441
20070820,-0.000262
20070821,0.001135
20070822,0.011771
20070823,-0.001222
20070824,0.011753
20070827,-0.008457
20070828,-0.023371
20070829,0.022193
20070830,-0.00418
20070831,0.011208
20070904,0.010443
20070905,-0.011057
20070906,0.004379
20070907,-0.016831
20070910,-0.001328
20070911,0.013675
20070912,0.000287
20070913,0.008455
20070914,0.000331
20070917,-0.005169
20070918,0.029183
20070919,0.006238
20070920,-0.006498
20070921,0.004666
20070924,-0.005194
20070925,-0.000402
20070926,0.005508
20070927,0.004005
20070928,-0.002974
20071001,0.013261
20071002,-0.000094
20071003,-0.00428
20071004,0.002152
20071005,0.00983
20071008,-0.003065
20071009,0.00808
20071010,-0.00152
20071011,-0.005054
20071012,0.004717
20071015,-0.008458
20071016,-0.00658
20071017,0.001907
20071018,-0.0007
20071019,-0.025577
20071022,0.003965
20071023,0.008696
20071024,-0.002509
20071025,-0.000763
20071026,0.013955
20071029,0.003904
20071030,-0.006264
20071031,0.012031
20071101,-0.026073
20071102,0.00088
20071105,-0.004966
20071106,0.012033
20071107,-0.0286
20071108,-0.000801
20071109,-0.014319
20071112,-0.009815
20071113,0.029566
20071114,-0.006765
20071115,-0.012991
20071116,0.005199
20071119,-0.01737
20071120,0.004562
20071121,-0.01578
20071123,0.016915
20071126,-0.022845
20071127,0.014739
20071128,0.02887
20071129,0.00046
20071130,0.007727
20071203,-0.005862
20071204,-0.006331
20071205,0.01604
20071206,0.015108
20071207,-0.001808
20071210,0.007554
20071211,-0.025225
20071212,0.006178
20071213,0.001339
20071214,-0.013687
20071217,-0.014936
20071218,0.0063
20071219,-0.001252
20071220,0.005175
20071221,0.016821
20071224,0.00813
20071226,0.000699
20071227,-0.013925
20071228,0.0015
20071231,-0.006876
20080102,-0.014089
20080103,0.000023
20080104,-0.024441
20080107,0.003272
20080108,-0.017673
20080109,0.013316
20080110,0.007985
20080111,-0.013669
20080114,0.010698
20080115,-0.024854
20080116,-0.005303
20080117,-0.028556
20080118,-0.006033
20080122,-0.010822
20080123,0.021236
20080124,0.009971
20080125,-0.015847
20080128,0.017471
20080129,0.006042
20080130,-0.004937
20080131,0.015601
20080201,0.01363
20080204,-0.010493
20080205,-0.031705
20080206,-0.0073
20080207,0.008207
20080208,-0.004224
20080211,0.006014
20080212,0.007298
20080213,0.013864
20080214,-0.013526
20080215,0.000772
20080219,-0.000975
20080220,0.008411
20080221,-0.012441
20080222,0.007871
20080225,0.01377
20080226,0.007119
20080227,-0.000774
20080228,-0.008875
20080229,-0.026967
20080303,0.000476
20080304,-0.003317
20080305,0.00559
20080306,-0.021705
20080307,-0.008192
20080310,-0.015371
20080311,0.037144
20080312,-0.008509
20080313,0.005207
20080314,-0.020562
20080317,-0.009003
20080318,0.04222
20080319,-0.023939
20080320,0.024392
20080324,0.015094
20080325,0.002309
20080326,-0.008731
20080327,-0.011303
20080328,-0.00795
20080331,0.005739
20080401,0.035878
20080402,-0.001677
20080403,0.001268
20080404,0.000764
20080407,0.001513
20080408,-0.004715
20080409,-0.007899
20080410,0.004569
20080411,-0.020155
20080414,-0.0032
20080415,0.004797
20080416,0.022642
20080417,0.000673
20080418,0.017938
20080421,-0.001446
20080422,-0.008698
20080423,0.003079
20080424,0.006421
20080425,0.006095
20080428,-0.001158
20080429,-0.003706
20080430,-0.00407
20080501,0.017263
20080502,0.003031
20080505,-0.004496
20080506,0.007543
20080507,-0.017481
20080508,0.003668
20080509,-0.006376
20080512,0.011258
20080513,-0.000318
20080514,0.004261
20080515,0.010659
20080516,0.001171
20080519,0.000893
20080520,-0.009346
20080521,-0.016013
20080522,0.002939
20080523,-0.01303
20080527,0.006962
20080528,0.004128
20080529,0.00549
20080530,0.001511
20080602,-0.010518
20080603,-0.005598
20080604,0.000215
20080605,0.019662
20080606,-0.030709
20080609,0.000949
20080610,-0.002208
20080611,-0.016793
20080612,0.00361
20080613,0.014986
20080616,0.000115
20080617,-0.006799
20080618,-0.00968
20080619,0.004082
20080620,-0.01858
20080623,0.000015
20080624,-0.002678
20080625,0.006085
20080626,-0.028955
20080627,-0.003756
20080630,0.001151
20080701,0.004135
20080702,-0.017992
20080703,0.001075
20080707,-0.008093
20080708,0.017643
20080709,-0.022656
20080710,0.007102
20080711,-0.010979
20080714,-0.008835
20080715,-0.010527
20080716,0.025064
20080717,0.011809
20080718,-0.00006
20080721,-0.000662
20080722,0.013656
20080723,0.003982
20080724,-0.022927
20080725,0.004255
20080728,-0.018449
20080729,0.02349
20080730,0.016536
20080731,-0.012845
20080801,-0.005623
20080804,-0.008737
20080805,0.028818
20080806,0.00406
20080807,-0.018041
20080808,0.023915
20080811,0.007276
20080812,-0.011639
20080813,-0.00278
20080814,0.005535
20080815,0.004286
20080818,-0.014872
20080819,-0.009214
20080820,0.006187
20080821,0.002548
20080822,0.011538
20080825,-0.019459
20080826,0.003619
20080827,0.008054
20080828,0.014869
20080829,-0.013721
20080902,-0.003892
20080903,-0.001604
20080904,-0.02962
20080905,0.004572
20080908,0.020415
20080909,-0.033592
20080910,0.00603
20080911,0.014304
20080912,0.001924
20080915,-0.046445
20080916,0.017108
20080917,-0.047039
20080918,0.042869
20080919,0.040159
20080922,-0.037938
20080923,-0.015319
20080924,-0.001769
20080925,0.019586
20080926,0.003484
20080929,-0.087094
20080930,0.054034
20081001,-0.004515
20081002,-0.03962
20081003,-0.013309
20081006,-0.037788
20081007,-0.058172
20081008,-0.010852
20081009,-0.075734
20081010,-0.011172
20081013,0.115133
20081014,-0.006043
20081015,-0.089966
20081016,0.04335
20081017,-0.006222
20081020,0.047038
20081021,-0.030627
20081022,-0.059075
20081023,0.010967
20081024,-0.034157
20081027,-0.031781
20081028,0.107242
20081029,-0.011462
20081030,0.027034
20081031,0.015354
20081103,-0.002754
20081104,0.04026
20081105,-0.051925
20081106,-0.049469
20081107,0.02901
20081110,-0.012278
20081111,-0.021952
20081112,-0.051133
20081113,0.068917
20081114,-0.041769
20081117,-0.025825
20081118,0.010164
20081119,-0.060627
20081120,-0.065964
20081121,0.063255
20081124,0.063415
20081125,0.006564
20081126,0.035612
20081128,0.009108
20081201,-0.088632
20081202,0.039451
20081203,0.026509
20081204,-0.028669
20081205,0.037041
20081208,0.03799
20081209,-0.022993
20081210,0.011764
20081211,-0.028225
20081212,0.007138
20081215,-0.012723
20081216,0.051
20081217,-0.009406
20081218,-0.020668
20081219,0.002973
20081222,-0.017844
20081223,-0.00953
20081224,0.006205
20081226,0.005217
20081229,-0.003809
20081230,0.024397
20081231,0.014131
20090102,0.031784
20090105,-0.004636
20090106,0.007669
20090107,-0.029294
20090108,0.002718
20090109,-0.020917
20090112,-0.022315
20090113,0.002039
20090114,-0.033126
20090115,0.001564
20090116,0.007781
20090120,-0.052247
20090121,0.042629
20090122,-0.015311
20090123,0.005171
20090126,0.005588
20090127,0.010901
20090128,0.033121
20090129,-0.032553
20090130,-0.022691
20090202,-0.000563
20090203,0.016112
20090204,-0.006879
20090205,0.016831
20090206,0.027223
20090209,0.001328
20090210,-0.048566
20090211,0.008565
20090212,0.002086
20090213,-0.010063
20090217,-0.044383
20090218,-0.000199
20090219,-0.01121
20090220,-0.010918
20090223,-0.03462
20090224,0.039572
20090225,-0.010666
20090226,-0.015734
20090227,-0.022813
20090302,-0.046123
20090303,-0.006363
20090304,0.023955
20090305,-0.041599
20090306,0.001256
20090309,-0.009899
20090310,0.062793
20090311,0.002968
20090312,0.040657
20090313,0.007563
20090316,-0.003904
20090317,0.032027
20090318,0.020636
20090319,-0.012424
20090320,-0.019346
20090323,0.07033
20090324,-0.018541
20090325,0.007886
20090326,0.023394
20090327,-0.019021
20090330,-0.035219
20090331,0.013143
20090401,0.016712
20090402,0.028503
20090403,0.009786
20090406,-0.008214
20090407,-0.023262
20090408,0.011775
20090409,0.037105
20090413,0.002745
20090414,-0.01982
20090415,0.012109
20090416,0.015556
20090417,0.004765
20090420,-0.042135
20090421,0.020998
20090422,-0.007495
20090423,0.010041
20090424,0.01658
20090427,-0.00989
20090428,-0.002899
20090429,0.021661
20090430,-0.000906
20090501,0.004942
20090504,0.033089
20090505,-0.003355
20090506,0.017047
20090507,-0.0132
20090508,0.023641
20090511,-0.020491
20090512,-0.000724
20090513,-0.026245
20090514,0.010117
20090515,-0.011213
20090518,0.030394
20090519,-0.001501
20090520,-0.004993
20090521,-0.016312
20090522,-0.001219
20090526,0.026212
20090527,-0.018747
20090528,0.015331
20090529,0.013552
20090601,0.025957
20090602,0.001893
20090603,-0.013036
20090604,0.011331
20090605,-0.002265
20090608,-0.000884
20090609,0.003603
20090610,-0.003454
20090611,0.005926
20090612,0.001513
20090615,-0.023676
20090616,-0.012557
20090617,-0.001058
20090618,0.00839
20090619,0.003153
20090622,-0.029761
20090623,0.002037
20090624,0.006795
20090625,0.02137
20090626,-0.001557
20090629,0.008951
20090630,-0.008328
20090701,0.004385
20090702,-0.028866
20090706,0.002452
20090707,-0.019498
20090708,-0.000849
20090709,0.003317
20090710,-0.004008
20090713,0.024724
20090714,0.005305
20090715,0.029502
20090716,0.008569
20090717,-0.000444
20090720,0.011461
20090721,0.003641
20090722,-0.000315
20090723,0.022961
20090724,0.002755
20090727,0.002723
20090728,-0.002438
20090729,-0.004232
20090730,0.011931
20090731,0.000594
20090803,0.015215
20090804,0.002985
20090805,-0.002714
20090806,-0.005597
20090807,0.013266
20090810,-0.003304
20090811,-0.011987
20090812,0.011798
20090813,0.007025
20090814,-0.008445
20090817,-0.023926
20090818,0.010187
20090819,0.007071
20090820,0.010558
20090821,0.018416
20090824,-0.000583
20090825,0.002407
20090826,0.00029
20090827,0.002485
20090828,-0.001989
20090831,-0.007871
20090901,-0.021764
20090902,-0.003071
20090903,0.008764
20090904,0.012966
20090908,0.008913
20090909,0.007761
20090910,0.010279
20090911,-0.001161
20090914,0.006243
20090915,0.003038
20090916,0.015149
20090917,-0.002853
20090918,0.002624
20090921,-0.003233
20090922,0.006615
20090923,-0.01007
20090924,-0.009156
20090925,-0.006292
20090928,0.017753
20090929,-0.00222
20090930,-0.003401
20091001,-0.025416
20091002,-0.004416
20091005,0.014663
20091006,0.01369
20091007,0.003153
20091008,0.007512
20091009,0.005545
20091012,0.004357
20091013,-0.002409
20091014,0.01743
20091015,0.003971
20091016,-0.007924
20091019,0.009393
20091020,-0.006263
20091021,-0.008705
20091022,0.010584
20091023,-0.011542
20091026,-0.011538
20091027,-0.003531
20091028,-0.019478
20091029,0.02241
20091030,-0.027945
20091102,0.006402
20091103,0.002456
20091104,0.00133
20091105,0.019499
20091106,0.002591
20091109,0.022363
20091110,0.000229
20091111,0.005054
20091112,-0.009921
20091113,0.005801
20091116,0.014478
20091117,0.001241
20091118,-0.000216
20091119,-0.013166
20091120,-0.003328
20091123,0.013635
20091124,-0.000588
20091125,0.004628
20091127,-0.01698
20091130,0.003926
20091201,0.012002
20091202,0.000517
20091203,-0.008319
20091204,0.005461
20091207,-0.002519
20091208,-0.010203
20091209,0.00366
20091210,0.006023
20091211,0.003802
20091214,0.006696
20091215,-0.005645
20091216,0.000944
20091217,-0.011886
20091218,0.006278
20091221,0.010424
20091222,0.003565
20091223,0.00269
20091224,0.005245
20091228,0.001421
20091229,-0.001191
20091230,0.000207
20091231,-0.010167
20100104,0.01597
20100105,0.003066
20100106,0.000907
20100107,0.003898
20100108,0.002791
20100111,0.001724
20100112,-0.009159
20100113,0.008434
20100114,0.002369
20100115,-0.010708
20100119,0.012443
20100120,-0.010489
20100121,-0.018772
20100122,-0.021872
20100125,0.004539
20100126,-0.004003
20100127,0.004791
20100128,-0.011755
20100129,-0.009665
20100201,0.014002
20100202,0.012781
20100203,-0.004936
20100204,-0.031009
20100205,0.003003
20100208,-0.008503
20100209,0.012927
20100210,-0.002047
20100211,0.009735
20100212,-0.00256
20100216,0.018412
20100217,0.004566
20100218,0.006558
20100219,0.001968
20100222,-0.000985
20100223,-0.012151
20100224,0.009932
20100225,-0.001729
20100226,0.00137
20100301,0.010011
20100302,0.002319
20100303,0.00038
20100304,0.003904
20100305,0.013974
20100308,0.000171
20100309,0.001958
20100310,0.004812
20100311,0.004563
20100312,-0.000332
20100315,0.000618
20100316,0.007967
20100317,0.005805
20100318,-0.000355
20100319,-0.005295
20100322,0.005317
20100323,0.007378
20100324,-0.005491
20100325,-0.001427
20100326,0.00076
20100329,0.005649
20100330,0.000171
20100331,-0.003289
20100401,0.007302
20100405,0.008022
20100406,0.001781
20100407,-0.005259
20100408,0.003583
20100409,0.006607
20100412,0.00186
20100413,0.000747
20100414,0.011312
20100415,0.000686
20100416,-0.016104
20100419,0.004721
20100420,0.008132
20100421,-0.000906
20100422,0.002409
20100423,0.006918
20100426,-0.00446
20100427,-0.023272
20100428,0.006419
20100429,0.013005
20100430,-0.016703
20100503,0.012927
20100504,-0.023775
20100505,-0.0061
20100506,-0.032201
20100507,-0.015477
20100510,0.043619
20100511,-0.003092
20100512,0.014099
20100513,-0.012071
20100514,-0.018848
20100517,0.001267
20100518,-0.013955
20100519,-0.005121
20100520,-0.038569
20100521,0.014701
20100524,-0.012638
20100525,0.000262
20100526,-0.005595
20100527,0.033149
20100528,-0.012146
20100601,-0.017027
20100602,0.025802
20100603,0.004262
20100604,-0.034767
20100607,-0.013255
20100608,0.010932
20100609,-0.0057
20100610,0.029205
20100611,0.004718
20100614,-0.001694
20100615,0.023318
20100616,-0.000658
20100617,0.001306
20100618,0.001281
20100621,-0.003953
20100622,-0.015842
20100623,-0.002992
20100624,-0.016901
20100625,0.00299
20100628,-0.0021
20100629,-0.031168
20100630,-0.010014
20100701,-0.0029
20100702,-0.004509
20100706,0.005406
20100707,0.031502
20100708,0.009588
20100709,0.007205
20100712,0.000925
20100713,0.015524
20100714,-0.00011
20100715,0.001118
20100716,-0.028703
20100719,0.005974
20100720,0.011595
20100721,-0.012708
20100722,0.022423
20100723,0.008242
20100726,0.01112
20100727,-0.001073
20100728,-0.006874
20100729,-0.004039
20100730,0.000052
20100802,0.021847
20100803,-0.004813
20100804,0.006417
20100805,-0.001333
20100806,-0.003445
20100809,0.005515
20100810,-0.00597
20100811,-0.027435
20100812,-0.005483
20100813,-0.003902
20100816,0.000195
20100817,0.012525
20100818,0.001444
20100819,-0.016935
20100820,-0.003539
20100823,-0.003789
20100824,-0.014424
20100825,0.003523
20100826,-0.007759
20100827,0.01661
20100830,-0.014556
20100831,-0.000067
20100901,0.029898
20100902,0.009295
20100903,0.013217
20100907,-0.01115
20100908,0.006538
20100909,0.00479
20100910,0.004883
20100913,0.011575
20100914,-0.000482
20100915,0.003593
20100916,-0.000121
20100917,0.001005
20100920,0.015202
20100921,-0.002731
20100922,-0.004449
20100923,-0.008258
20100924,0.020924
20100927,-0.005519
20100928,0.005024
20100929,-0.002404
20100930,-0.003101
20101001,0.00445
20101004,-0.007918
20101005,0.020519
20101006,0.000064
20101007,-0.001617
20101008,0.006125
20101011,0.000207
20101012,0.003755
20101013,0.007272
20101014,-0.003865
20101015,0.002134
20101018,0.007368
20101019,-0.015835
20101020,0.010449
20101021,0.002
20101022,0.002272
20101025,0.00228
20101026,0.000284
20101027,-0.002547
20101028,0.001306
20101029,-0.000142
20101101,0.00074
20101102,0.007736
20101103,0.003861
20101104,0.01933
20101105,0.003984
20101108,-0.002
20101109,-0.007598
20101110,0.004364
20101111,-0.004139
20101112,-0.011796
20101115,-0.001374
20101116,-0.015729
20101117,0.00029
20101118,0.015284
20101119,0.002599
20101122,-0.001372
20101123,-0.014258
20101124,0.015003
20101126,-0.007258
20101129,-0.001085
20101130,-0.005854
20101201,0.021595
20101202,0.012844
20101203,0.002709
20101206,-0.001162
20101207,0.000655
20101208,0.003878
20101209,0.00398
20101210,0.00613
20101213,0.000224
20101214,0.001005
20101215,-0.004986
20101216,0.006158
20101217,0.001119
20101220,0.002366
20101221,0.006134
20101222,0.003422
20101223,-0.001591
20101227,0.000807
20101228,0.000765
20101229,0.001216
20101230,-0.001459
20101231,-0.000271
20110103,0.011325
20110104,-0.001309
20110105,0.005164
20110106,-0.001715
20110107,-0.001755
20110110,-0.001549
20110111,0.003829
20110112,0.009032
20110113,-0.001697
20110114,0.007206
20110118,0.001387
20110119,-0.00996
20110120,-0.001058
20110121,0.002205
20110124,0.005643
20110125,0.0004
20110126,0.00433
20110127,0.002442
20110128,-0.017916
20110131,0.007465
20110201,0.016542
20110202,-0.00247
20110203,0.002366
20110204,0.002751
20110207,0.006562
20110208,0.004593
20110209,-0.00273
20110210,0.000744
20110211,0.005651
20110214,0.00241
20110215,-0.003153
20110216,0.006311
20110217,0.003255
20110218,0.001846
20110222,-0.020693
20110223,-0.006134
20110224,-0.000795
20110225,0.010296
20110228,0.005095
20110301,-0.015745
20110302,0.002
20110303,0.017027
20110304,-0.00728
20110307,-0.008306
20110308,0.00911
20110309,-0.001121
20110310,-0.018763
20110311,0.007394
20110314,-0.005894
20110315,-0.011073
20110316,-0.019373
20110317,0.012992
20110318,0.004214
20110321,0.015058
20110322,-0.003353
20110323,0.002916
20110324,0.009368
20110325,0.003189
20110328,-0.002774
20110329,0.007224
20110330,0.00672
20110331,-0.001745
20110401,0.004903
20110404,0.000441
20110405,0.000089
20110406,0.002602
20110407,-0.001498
20110408,-0.004034
20110411,-0.002773
20110412,-0.007576
20110413,0.000442
20110414,0.000048
20110415,0.003814
20110418,-0.011038
20110419,0.005612
20110420,0.013576
20110421,0.005122
20110425,-0.001707
20110426,0.008955
20110427,0.006537
20110428,0.003549
20110429,0.002303
20110502,-0.00174
20110503,-0.003341
20110504,-0.006527
20110505,-0.008979
20110506,0.003919
20110509,0.004444
20110510,0.00807
20110511,-0.010324
20110512,0.005203
20110513,-0.008049
20110516,-0.006157
20110517,-0.000167
20110518,0.008827
20110519,0.002355
20110520,-0.007733
20110523,-0.01192
20110524,-0.000953
20110525,0.003019
20110526,0.004271
20110527,0.004343
20110531,0.010535
20110601,-0.022642
20110602,-0.001203
20110603,-0.009759
20110606,-0.010634
20110607,-0.000794
20110608,-0.004053
20110609,0.007452
20110610,-0.013762
20110613,0.000999
20110614,0.012595
20110615,-0.017561
20110616,0.001957
20110617,0.003049
20110620,0.005522
20110621,0.013557
20110622,-0.006441
20110623,-0.002696
20110624,-0.011903
20110627,0.009232
20110628,0.013162
20110629,0.008388
20110630,0.010084
20110701,0.014489
20110705,-0.001209
20110706,0.00149
20110707,0.010678
20110708,-0.006843
20110711,-0.018032
20110712,-0.00443
20110713,0.003165
20110714,-0.006812
20110715,0.005592
20110718,-0.008152
20110719,0.016329
20110720,-0.000564
20110721,0.013493
20110722,0.000963
20110725,-0.005611
20110726,-0.00389
20110727,-0.020252
20110728,-0.003164
20110729,-0.006379
20110801,-0.004215
20110802,-0.025576
20110803,0.005456
20110804,-0.047724
20110805,-0.000673
20110808,-0.066532
20110809,0.04742
20110810,-0.043752
20110811,0.046185
20110812,0.005184
20110815,0.021687
20110816,-0.00912
20110817,0.001028
20110818,-0.044372
20110819,-0.014923
20110822,0.000358
20110823,0.034443
20110824,0.013181
20110825,-0.01556
20110826,0.015294
20110829,0.028404
20110830,0.002626
20110831,0.0051
20110901,-0.011889
20110902,-0.0251
20110906,-0.00728
20110907,0.029003
20110908,-0.010623
20110909,-0.02663
20110912,0.007052
20110913,0.009622
20110914,0.013543
20110915,0.017299
20110916,0.005782
20110919,-0.00972
20110920,-0.001807
20110921,-0.029179
20110922,-0.032021
20110923,0.00636
20110926,0.023163
20110927,0.010558
20110928,-0.020291
20110929,0.007898
20110930,-0.024877
20111003,-0.028378
20111004,0.022528
20111005,0.018251
20111006,0.018483
20111007,-0.007992
20111010,0.034095
20111011,0.000593
20111012,0.009966
20111013,-0.002926
20111014,0.017327
20111017,-0.019321
20111018,0.020516
20111019,-0.012532
20111020,0.004447
20111021,0.018775
20111024,0.013029
20111025,-0.020037
20111026,0.01024
20111027,0.034398
20111028,0.00042
20111031,-0.02482
20111101,-0.027824
20111102,0.016246
20111103,0.018892
20111104,-0.006251
20111107,0.006382
20111108,0.012425
20111109,-0.036672
20111110,0.008642
20111111,0.019601
20111114,-0.009364
20111115,0.004751
20111116,-0.016475
20111117,-0.016845
20111118,-0.000391
20111121,-0.018651
20111122,-0.004026
20111123,-0.021966
20111125,-0.002483
20111128,0.02921
20111129,0.002616
20111130,0.043306
20111201,-0.001804
20111202,-0.000335
20111205,0.01046
20111206,0.001126
20111207,0.002277
20111208,-0.021145
20111209,0.016952
20111212,-0.014884
20111213,-0.008645
20111214,-0.011194
20111215,0.003335
20111216,0.003289
20111219,-0.011853
20111220,0.029901
20111221,0.001673
20111222,0.008384
20111223,0.009031
20111227,-0.000069
20111228,-0.012235
20111229,0.010645
20111230,-0.004231
20120103,0.015379
20120104,0.000388
20120105,0.002898
20120106,-0.002191
20120109,0.00233
20120110,0.008934
20120111,0.000413
20120112,0.002413
20120113,-0.004854
20120117,0.003456
20120118,0.011388
20120119,0.005104
20120120,0.00079
20120123,0.00043
20120124,-0.000916
20120125,0.008514
20120126,-0.005659
20120127,-0.001511
20120130,-0.002354
20120131,-0.000399
20120201,0.009247
20120202,0.001258
20120203,0.014701
20120206,-0.000504
20120207,0.001982
20120208,0.002557
20120209,0.001659
20120210,-0.00698
20120213,0.006931
20120214,-0.000729
20120215,-0.005095
20120216,0.01127
20120217,0.002396
20120221,0.000416
20120222,-0.003431
20120223,0.004499
20120224,0.001959
20120227,0.001445
20120228,0.003637
20120229,-0.004444
20120301,0.006162
20120302,-0.003038
20120305,-0.00373
20120306,-0.015343
20120307,0.007335
20120308,0.009748
20120309,0.003565
20120312,0.000227
20120313,0.018365
20120314,-0.001155
20120315,0.006001
20120316,0.001059
20120319,0.003784
20120320,-0.002844
20120321,-0.001866
20120322,-0.007124
20120323,0.003121
20120326,0.013912
20120327,-0.002598
20120328,-0.004714
20120329,-0.001632
20120330,0.00373
20120402,0.007407
20120403,-0.003787
20120404,-0.010037
20120405,-0.000117
20120409,-0.011358
20120410,-0.017067
20120411,0.007588
20120412,0.013798
20120413,-0.012421
20120416,-0.00045
20120417,0.015507
20120418,-0.003952
20120419,-0.005824
20120420,0.00137
20120423,-0.008769
20120424,0.003327
20120425,0.013676
20120426,0.007024
20120427,0.002704
20120430,-0.003841
20120501,0.005646
20120502,-0.002329
20120503,-0.00757
20120504,-0.016202
20120507,0.000175
20120508,-0.004166
20120509,-0.006242
20120510,0.002691
20120511,-0.003215
20120514,-0.011019
20120515,-0.005451
20120516,-0.004271
20120517,-0.014673
20120518,-0.007276
20120521,0.016123
20120522,0.000573
20120523,0.001839
20120524,0.001519
20120525,-0.002088
20120529,0.011299
20120530,-0.014079
20120531,-0.002107
20120601,-0.024708
20120604,0.000295
20120605,0.005824
20120606,0.023073
20120607,0.000014
20120608,0.008371
20120611,-0.012739
20120612,0.011654
20120613,-0.006675
20120614,0.01073
20120615,0.010421
20120618,0.001494
20120619,0.009845
20120620,-0.001449
20120621,-0.022091
20120622,0.007081
20120625,-0.015578
20120626,0.004758
20120627,0.008995
20120628,-0.002167
20120629,0.025217
20120702,0.002424
20120703,0.006713
20120705,-0.004557
20120706,-0.009039
20120709,-0.001629
20120710,-0.008019
20120711,-0.00002
20120712,-0.00503
20120713,0.016617
20120716,-0.002319
20120717,0.007375
20120718,0.006779
20120719,0.002712
20120720,-0.009819
20120723,-0.009045
20120724,-0.009039
20120725,-0.000343
20120726,0.016661
20120727,0.019238
20120730,-0.000306
20120731,-0.004403
20120801,-0.003073
20120802,-0.007161
20120803,0.019034
20120806,0.002376
20120807,0.005174
20120808,0.001014
20120809,0.000757
20120810,0.002143
20120813,-0.001029
20120814,0.000231
20120815,0.001656
20120816,0.006944
20120817,0.00186
20120820,-0.000025
20120821,-0.003603
20120822,0.00025
20120823,-0.007941
20120824,0.006713
20120827,-0.000408
20120828,-0.000706
20120829,0.001133
20120830,-0.007663
20120831,0.005188
20120904,-0.000936
20120905,-0.000874
20120906,0.02038
20120907,0.00401
20120910,-0.006136
20120911,0.003175
20120912,0.002338
20120913,0.016295
20120914,0.004019
20120917,-0.003166
20120918,-0.001285
20120919,0.00121
20120920,-0.00045
20120921,-0.000178
20120924,-0.002032
20120925,-0.010525
20120926,-0.005537
20120927,0.009581
20120928,-0.004484
20121001,0.002776
20121002,0.000923
20121003,0.003885
20121004,0.00725
20121005,-0.000014
20121008,-0.003299
20121009,-0.009926
20121010,-0.005926
20121011,0.000422
20121012,-0.002788
20121015,0.008098
20121016,0.010142
20121017,0.004166
20121018,-0.00245
20121019,-0.01652
20121022,0.000409
20121023,-0.014309
20121024,-0.003034
20121025,0.002776
20121026,-0.000458
20121031,0.000391
20121101,0.010576
20121102,-0.009219
20121105,0.002231
20121106,0.008003
20121107,-0.022644
20121108,-0.012236
20121109,0.001589
20121112,0.000099
20121113,-0.003716
20121114,-0.013501
20121115,-0.001847
20121116,0.004933
20121119,0.019683
20121120,0.000789
20121121,0.002384
20121123,0.013213
20121126,-0.002008
20121127,-0.005096
20121128,0.008316
20121129,0.004408
20121130,0.000344
20121203,-0.004806
20121204,-0.00152
20121205,0.001923
20121206,0.003442
20121207,0.003084
20121210,0.00038
20121211,0.006462
20121212,0.000251
20121213,-0.005975
20121214,-0.003964
20121217,0.011723
20121218,0.011496
20121219,-0.007328
20121220,0.005499
20121221,-0.009196
20121224,-0.002302
20121226,-0.004901
20121227,-0.001007
20121228,-0.010917
20121231,0.016572
20130102,0.025604
20130103,-0.002199
20130104,0.004998
20130107,-0.003084
20130108,-0.002897
20130109,0.002726
20130110,0.007413
20130111,0.000174
20130114,-0.000932
20130115,0.001299
20130116,0.000271
20130117,0.005619
20130118,0.00351
20130122,0.004398
20130123,0.001432
20130124,0.000273
20130125,0.005407
20130128,-0.001824
20130129,0.004958
20130130,-0.003316
20130131,-0.002475
20130201,0.010003
20130204,-0.011541
20130205,0.010499
20130206,0.000737
20130207,-0.001367
20130208,0.005602
20130211,-0.00057
20130212,0.001607
20130213,0.001055
20130214,0.000656
20130215,-0.00119
20130219,0.007348
20130220,-0.012237
20130221,-0.005934
20130222,0.008918
20130225,-0.018226
20130226,0.00626
20130227,0.012895
20130228,-0.000953
20130301,0.002466
20130304,0.004884
20130305,0.009513
20130306,0.00135
20130307,0.001911
20130308,0.004463
20130311,0.003298
20130312,-0.002194
20130313,0.001664
20130314,0.005496
20130315,-0.001658
20130318,-0.005454
20130319,-0.00236
20130320,0.006787
20130321,-0.008485
20130322,0.007153
20130325,-0.00332
20130326,0.008095
20130327,-0.000461
20130328,0.004015
20130401,-0.004271
20130402,0.005018
20130403,-0.010349
20130404,0.004128
20130405,-0.004222
20130408,0.006677
20130409,0.003805
20130410,0.012105
20130411,0.003536
20130412,-0.002725
20130415,-0.022746
20130416,0.014195
20130417,-0.014184
20130418,-0.00668
20130419,0.008838
20130422,0.004653
20130423,0.010427
20130424,0.000125
20130425,0.0042
20130426,-0.00188
20130429,0.0071
20130430,0.002534
20130501,-0.009356
20130502,0.009456
20130503,0.010695
20130506,0.001785
20130507,0.005245
20130508,0.004475
20130509,-0.003263
20130510,0.004434
20130513,0.000144
20130514,0.010441
20130515,0.005529
20130516,-0.004957
20130517,0.010277
20130520,-0.00068
20130521,0.001665
20130522,-0.008264
20130523,-0.002871
20130524,-0.000386
20130528,0.006402
20130529,-0.007039
20130530,0.003664
20130531,-0.014153
20130603,0.006028
20130604,-0.005431
20130605,-0.013435
20130606,0.008539
20130607,0.012883
20130610,-0.00031
20130611,-0.01023
20130612,-0.008146
20130613,0.014841
20130614,-0.005876
20130617,0.007613
20130618,0.007811
20130619,-0.013912
20130620,-0.024876
20130621,0.002352
20130624,-0.011853
20130625,0.009489
20130626,0.00984
20130627,0.006371
20130628,-0.004367
20130701,0.005496
20130702,-0.000412
20130703,0.000831
20130705,0.010113
20130708,0.005695
20130709,0.007277
20130710,0.000236
20130711,0.013691
20130712,0.003009
20130715,0.001522
20130716,-0.003745
20130717,0.00283
20130718,0.005011
20130719,0.001503
20130722,0.002035
20130723,-0.00175
20130724,-0.003726
20130725,0.0025
20130726,0.000813
20130729,-0.003651
20130730,0.000527
20130731,-0.000103
20130801,0.012504
20130802,0.001666
20130805,-0.001412
20130806,-0.005701
20130807,-0.003545
20130808,0.004056
20130809,-0.003307
20130812,-0.001138
20130813,0.002888
20130814,-0.004962
20130815,-0.014269
20130816,-0.003337
20130819,-0.005888
20130820,0.00387
20130821,-0.005602
20130822,0.008594
20130823,0.004166
20130826,-0.00402
20130827,-0.015764
20130828,0.002691
20130829,0.002221
20130830,-0.002944
20130903,0.004108
20130904,0.008289
20130905,0.001261
20130906,0.000194
20130909,0.010143
20130910,0.007445
20130911,0.003147
20130912,-0.003058
20130913,0.002824
20130916,0.005725
20130917,0.004337
20130918,0.012281
20130919,-0.001648
20130920,-0.00718
20130923,-0.004702
20130924,-0.002512
20130925,-0.002835
20130926,0.003647
20130927,-0.004064
20130930,-0.006004
20131001,0.007948
20131002,-0.000453
20131003,-0.008983
20131004,0.006997
20131007,-0.008653
20131008,-0.011835
20131009,0.000665
20131010,0.022
20131011,0.006247
20131014,0.004028
20131015,-0.007049
20131016,0.013931
20131017,0.006748
20131018,0.006599
20131021,0.000049
20131022,0.00581
20131023,-0.00477
20131024,0.003382
20131025,0.004538
20131028,0.001408
20131029,0.005648
20131030,-0.004725
20131031,-0.003629
20131101,0.002812
20131104,0.003611
20131105,-0.002643
20131106,0.004945
20131107,-0.013047
20131108,0.013383
20131111,0.000868
20131112,-0.00221
20131113,0.008415
20131114,0.005032
20131115,0.004164
20131118,-0.003615
20131119,-0.001941
20131120,-0.003578
20131121,0.008144
20131122,0.005076
20131125,-0.00113
20131126,0.000306
20131127,0.002797
20131129,-0.000709
20131202,-0.002529
20131203,-0.003192
20131204,-0.001071
20131205,-0.004448
20131206,0.011338
20131209,0.001871
20131210,-0.003298
20131211,-0.011122
20131212,-0.003588
20131213,-0.000063
20131216,0.006329
20131217,-0.003089
20131218,0.016609
20131219,-0.000494
20131220,0.005032
20131223,0.005047
20131224,0.003015
20131226,0.004784
20131227,-0.000212
20131230,-0.000111
20131231,0.003983
20140102,-0.008595
20140103,-0.000275
20140106,-0.002495
20140107,0.00609
20140108,0.000057
20140109,0.000369
20140110,0.002358
20140113,-0.012525
20140114,0.010866
20140115,0.005061
20140116,-0.001358
20140117,-0.003801
20140121,0.002789
20140122,0.000648
20140123,-0.008917
20140124,-0.020868
20140127,-0.004946
20140128,0.006288
20140129,-0.010172
20140130,0.011494
20140131,-0.00664
20140203,-0.022957
20140204,0.007695
20140205,-0.001722
20140206,0.012905
20140207,0.013283
20140210,0.001672
20140211,0.011133
20140212,0.00019
20140213,0.006053
20140214,0.004822
20140218,0.001301
20140219,-0.006349
20140220,0.006132
20140221,-0.001748
20140224,0.00627
20140225,-0.001301
20140226,0.000376
20140227,0.004977
20140228,0.002726
20140303,-0.007366
20140304,0.015324
20140305,0.000157
20140306,0.001736
20140307,0.00055
20140310,-0.000494
20140311,-0.005036
20140312,0.000613
20140313,-0.011595
20140314,-0.002778
20140317,0.009605
20140318,0.007293
20140319,-0.006192
20140320,0.006026
20140321,-0.002971
20140324,-0.004691
20140325,0.004417
20140326,-0.007022
20140327,-0.001715
20140328,0.004673
20140331,0.007985
20140401,0.007171
20140402,0.003017
20140403,-0.001249
20140404,-0.012602
20140407,-0.01067
20140408,0.004302
20140409,0.011019
20140410,-0.02101
20140411,-0.009449
20140414,0.00828
20140415,0.006704
20140416,0.010552
20140417,0.001344
20140421,0.00374
20140422,0.004066
20140423,-0.00215
20140424,0.001664
20140425,-0.008293
20140428,0.003237
20140429,0.004857
20140430,0.003123
20140501,-0.000054
20140502,-0.001378
20140505,0.001898
20140506,-0.008985
20140507,0.00596
20140508,-0.001114
20140509,0.001806
20140512,0.009899
20140513,0.000701
20140514,-0.004558
20140515,-0.009363
20140516,0.003727
20140519,0.003886
20140520,-0.006523
20140521,0.00826
20140522,0.00244
20140523,0.004329
20140527,0.005997
20140528,-0.001014
20140529,0.005499
20140530,0.00189
20140602,0.000832
20140603,-0.000387
20140604,0.002108
20140605,0.006645
20140606,0.004822
20140609,0.000962
20140610,-0.000262
20140611,-0.003447
20140612,-0.006838
20140613,0.003143
20140616,0.000825
20140617,0.002241
20140618,0.007848
20140619,0.001311
20140620,0.001691
20140623,-0.000021
20140624,-0.006352
20140625,0.004824
20140626,-0.001148
20140627,0.002066
20140630,-0.000311
20140701,0.006868
20140702,0.000676
20140703,0.005392
20140707,-0.003839
20140708,-0.006723
20140709,0.004662
20140710,-0.004144
20140711,0.001618
20140714,0.004856
20140715,-0.001933
20140716,0.004352
20140717,-0.011614
20140718,0.01024
20140721,-0.00226
20140722,0.00496
20140723,0.001766
20140724,0.000464
20140725,-0.004938
20140728,0.000228
20140729,-0.004485
20140730,0.000195
20140731,-0.019929
20140801,-0.002982
20140804,0.007143
20140805,-0.009499
20140806,0.000378
20140807,-0.005292
20140808,0.011524
20140811,0.002901
20140812,-0.001668
20140813,0.006939
20140814,0.00436
20140815,0.000085
20140818,0.008628
20140819,0.005302
20140820,0.002524
20140821,0.002979
20140822,-0.001758
20140825,0.004783
20140826,0.00109
20140827,0.000132
20140828,-0.001583
20140829,0.003363
20140902,-0.000439
20140903,-0.000566
20140904,-0.001383
20140905,0.005057
20140908,-0.002982
20140909,-0.006551
20140910,0.003676
20140911,0.001135
20140912,-0.00591
20140915,-0.000819
20140916,0.007541
20140917,0.001261
20140918,0.005027
20140919,-0.000442
20140922,-0.008044
20140923,-0.005735
20140924,0.007993
20140925,-0.016122
20140926,0.008738
20140929,-0.002507
20140930,-0.002649
20141001,-0.013082
20141002,0.000146
20141003,0.011167
20141006,-0.00149
20141007,-0.015091
20141008,0.017686
20141009,-0.020569
20141010,-0.011289
20141013,-0.016466
20141014,0.001633
20141015,-0.008094
20141016,0.000073
20141017,0.012737
20141020,0.009183
20141021,0.019484
20141022,-0.007091
20141023,0.012181
20141024,0.006866
20141027,-0.001469
20141028,0.011817
20141029,-0.00129
20141030,0.006384
20141031,0.011692
20141103,-0.000161
20141104,-0.002762
20141105,0.005933
20141106,0.004119
20141107,0.000677
20141110,0.003279
20141111,0.000677
20141112,-0.000444
20141113,0.000912
20141114,0.000423
20141117,0.000814
20141118,0.005303
20141119,-0.001267
20141120,0.001877
20141121,0.005325
20141124,0.002893
20141125,-0.00114
20141126,0.003037
20141128,-0.002131
20141201,-0.006999
20141202,0.006352
20141203,0.003846
20141204,-0.001108
20141205,0.001603
20141208,-0.007021
20141209,-0.000191
20141210,-0.016261
20141211,0.004852
20141212,-0.016058
20141215,-0.006143
20141216,-0.008611
20141217,0.020318
20141218,0.024296
20141219,0.004482
20141222,0.004086
20141223,0.001904
20141224,-0.000148
20141226,0.00331
20141229,0.000948
20141230,-0.004736
20141231,-0.010244
20150102,-0.000165
20150105,-0.018112
20150106,-0.008869
20150107,0.01211
20150108,0.01783
20150109,-0.0084
20150112,-0.00798
20150113,-0.00256
20150114,-0.005905
20150115,-0.009149
20150116,0.013317
20150120,0.001686
20150121,0.004874
20150122,0.015301
20150123,-0.005362
20150126,0.002496
20150127,-0.013308
20150128,-0.013338
20150129,0.009638
20150130,-0.012832
20150202,0.012851
20150203,0.014306
20150204,-0.003814
20150205,0.010546
20150206,-0.003109
20150209,-0.004306
20150210,0.010838
20150211,0.000204
20150212,0.009823
20150213,0.004083
20150217,0.001687
20150218,-0.000186
20150219,-0.000949
20150220,0.006179
20150223,-0.000249
20150224,0.002685
20150225,-0.000578
20150226,-0.001256
20150227,-0.002875
20150302,0.00627
20150303,-0.004584
20150304,-0.004182
20150305,0.001384
20150306,-0.014191
20150309,0.004038
20150310,-0.016802
20150311,-0.001821
20150312,0.012991
20150313,-0.005975
20150316,0.013627
20150317,-0.003348
20150318,0.012145
20150319,-0.00484
20150320,0.009113
20150323,-0.001663
20150324,-0.005943
20150325,-0.014651
20150326,-0.002283
20150327,0.002482
20150330,0.012275
20150331,-0.008564
20150401,-0.003964
20150402,0.003517
20150406,0.006606
20150407,-0.002081
20150408,0.003188
20150409,0.004435
20150410,0.005049
20150413,-0.004475
20150414,0.001618
20150415,0.005081
20150416,-0.000811
20150417,-0.011408
20150420,0.009185
20150421,-0.001377
20150422,0.005124
20150423,0.002476
20150424,0.00243
20150427,-0.004142
20150428,0.002747
20150429,-0.003773
20150430,-0.010055
20150501,0.010831
20150504,0.002882
20150505,-0.011716
20150506,-0.004029
20150507,0.004091
20150508,0.01338
20150511,-0.004815
20150512,-0.00281
20150513,-0.000103
20150514,0.010902
20150515,0.000819
20150518,0.003104
20150519,-0.000774
20150520,-0.000843
20150521,0.002523
20150522,-0.002228
20150526,-0.010319
20150527,0.009336
20150528,-0.001115
20150529,-0.006246
20150601,0.002189
20150602,-0.000941
20150603,0.002344
20150604,-0.008604
20150605,-0.001427
20150608,-0.006372
20150609,0.00051
20150610,0.01218
20150611,0.002003
20150612,-0.006921
20150615,-0.004626
20150616,0.005804
20150617,0.002029
20150618,0.009846
20150619,-0.005333
20150622,0.006047
20150623,0.000747
20150624,-0.007301
20150625,-0.002942
20150626,-0.00017
20150629,-0.020733
20150630,0.002715
20150701,0.007115
20150702,-0.000304
20150706,-0.00379
20150707,0.006243
20150708,-0.01627
20150709,0.002287
20150710,0.012365
20150713,0.011254
20150714,0.004466
20150715,-0.00092
20150716,0.008094
20150717,0.001293
20150720,0.000745
20150721,-0.004271
20150722,-0.002211
20150723,-0.005694
20150724,-0.010448
20150727,-0.005735
20150728,0.012287
20150729,0.007463
20150730,0.000173
20150731,-0.002188
20150803,-0.002674
20150804,-0.002135
20150805,0.003722
20150806,-0.007521
20150807,-0.003013
20150810,0.012667
20150811,-0.009154
20150812,0.001136
20150813,-0.001209
20150814,0.003978
20150817,0.005274
20150818,-0.002598
20150819,-0.008168
20150820,-0.020963
20150821,-0.031656
20150824,-0.039372
20150825,-0.013371
20150826,0.039178
20150827,0.024267
20150828,0.000638
20150831,-0.008305
20150901,-0.029419
20150902,0.018473
20150903,0.001315
20150904,-0.015208
20150908,0.025442
20150909,-0.013809
20150910,0.005224
20150911,0.00492
20150914,-0.004017
20150915,0.012701
20150916,0.008801
20150917,-0.002355
20150918,-0.016077
20150921,0.004592
20150922,-0.01232
20150923,-0.002029
20150924,-0.003418
20150925,-0.000514
20150928,-0.025485
20150929,0.001182
20150930,0.019174
20151001,0.002083
20151002,0.014535
20151005,0.018311
20151006,-0.003619
20151007,0.008414
20151008,0.008764
20151009,0.000816
20151012,0.001287
20151013,-0.006699
20151014,-0.005229
20151015,0.014745
20151016,0.004642
20151019,0.000199
20151020,-0.001495
20151021,-0.005683
20151022,0.016549
20151023,0.010928
20151026,-0.001801
20151027,-0.002522
20151028,0.011774
20151029,-0.00033
20151030,-0.004718
20151102,0.011727
20151103,0.002679
20151104,-0.00309
20151105,-0.000744
20151106,-0.000296
20151109,-0.009597
20151110,0.001872
20151111,-0.003282
20151112,-0.013719
20151113,-0.011285
20151116,0.01516
20151117,-0.000952
20151118,0.01623
20151119,-0.001061
20151120,0.00393
20151123,-0.001019
20151124,0.001202
20151125,0.000107
20151127,0.000756
20151130,-0.00477
20151201,0.010731
20151202,-0.010711
20151203,-0.014242
20151204,0.020367
20151207,-0.006789
20151208,-0.006288
20151209,-0.00769
20151210,0.002337
20151211,-0.019273
20151214,0.004951
20151215,0.010446
20151216,0.01469
20151217,-0.014958
20151218,-0.017558
20151221,0.007889
20151222,0.008941
20151223,0.012446
20151224,-0.001635
20151228,-0.002082
20151229,0.010906
20151230,-0.007063
20151231,-0.009432
20160104,-0.01519
20160105,0.002129
20160106,-0.012566
20160107,-0.023433
20160108,-0.010898
20160111,0.001055
20160112,0.007732
20160113,-0.02505
20160114,0.016641
20160115,-0.021666
20160119,0.000566
20160120,-0.011584
20160121,0.0054
20160122,0.020313
20160125,-0.015346
20160126,0.014103
20160127,-0.010767
20160128,0.005788
20160129,0.024522
20160201,-0.000344
20160202,-0.018668
20160203,0.004892
20160204,0.001674
20160205,-0.018423
20160208,-0.014244
20160209,-0.000563
20160210,0.000266
20160211,-0.011938
20160212,0.019408
20160216,0.016836
20160217,0.016645
20160218,-0.004807
20160219,0.000267
20160222,0.014505
20160223,-0.012147
20160224,0.004499
20160225,0.011663
20160226,-0.001762
20160229,-0.008096
20160301,0.023751
20160302,0.004158
20160303,0.003601
20160304,0.003283
20160307,0.000882
20160308,-0.010939
20160309,0.00514
20160310,0.00021
20160311,0.016578
20160314,-0.001083
20160315,-0.001833
20160316,0.00577
20160317,0.006394
20160318,0.004326
20160321,0.001002
20160322,-0.000759
20160323,-0.006336
20160324,-0.000324
20160328,0.000579
20160329,0.008996
20160330,0.004499
20160331,-0.00203
20160401,0.006388
20160404,-0.003057
20160405,-0.010146
20160406,0.01086
20160407,-0.011989
20160408,0.002751
20160411,-0.002804
20160412,0.009759
20160413,0.01009
20160414,0.000235
20160415,-0.000877
20160418,0.006635
20160419,0.002914
20160420,0.00074
20160421,-0.00523
20160422,0.000019
20160425,-0.001657
20160426,0.001775
20160427,0.00174
20160428,-0.009142
20160429,-0.004948
20160502,0.007958
20160503,-0.008673
20160504,-0.0056
20160505,0.000095
20160506,0.003474
20160509,0.000921
20160510,0.012501
20160511,-0.009117
20160512,0.000048
20160513,-0.008537
20160516,0.009906
20160517,-0.009345
20160518,0.000062
20160519,-0.003166
20160520,0.006168
20160523,-0.002072
20160524,0.013685
20160525,0.006974
20160526,-0.000039
20160527,0.004409
20160531,-0.000822
20160601,0.001266
20160602,0.002911
20160603,-0.002825
20160606,0.004856
20160607,0.001246
20160608,0.003516
20160609,-0.001697
20160610,-0.009141
20160613,-0.007757
20160614,-0.001673
20160615,-0.001711
20160616,0.003261
20160617,-0.003229
20160620,0.005859
20160621,0.002732
20160622,-0.001645
20160623,0.013333
20160624,-0.03573
20160627,-0.018012
20160628,0.017816
20160629,0.017256
20160630,0.013529
20160701,0.00215
20160705,-0.006628
20160706,0.005709
20160707,-0.000774
20160708,0.015192
20160711,0.003447
20160712,0.006791
20160713,0.000253
20160714,0.005231
20160715,-0.000962
20160718,0.002433
20160719,-0.001407
20160720,0.004373
20160721,-0.003588
20160722,0.004509
20160725,-0.00288
20160726,0.000199
20160727,-0.001334
20160728,0.001742
20160729,0.001739
20160801,-0.001183
20160802,-0.006411
20160803,0.003364
20160804,0.000503
20160805,0.008638
20160808,-0.000817
20160809,0.000379
20160810,-0.002326
20160811,0.004847
20160812,-0.000708
20160815,0.002835
20160816,-0.005339
20160817,0.002046
20160818,0.002338
20160819,-0.001407
20160822,-0.000531
20160823,0.001901
20160824,-0.005186
20160825,-0.001417
20160826,-0.001507
20160829,0.005327
20160830,-0.001856
20160831,-0.002113
20160901,0.000062
20160902,0.004168
20160906,0.003041
20160907,0.000048
20160908,-0.002069
20160909,-0.024631
20160912,0.01485
20160913,-0.014479
20160914,-0.000556
20160915,0.010268
20160916,-0.003711
20160919,-0.000096
20160920,0.000339
20160921,0.010843
20160922,0.006607
20160923,-0.00561
20160926,-0.008566
20160927,0.006602
20160928,0.005421
20160929,-0.009336
20160930,0.00802
20161003,-0.003124
20161004,-0.004884
20161005,0.00464
20161006,0.000282
20161007,-0.003269
20161010,0.004571
20161011,-0.012473
20161012,0.001211
20161013,-0.002939
20161014,0.000234
20161017,-0.003031
20161018,0.00619
20161019,0.002284
20161020,-0.001259
20161021,0.000169
20161024,0.004968
20161025,-0.003734
20161026,-0.001806
20161027,-0.002978
20161028,-0.003027
20161031,0.000017
20161101,-0.006862
20161102,-0.006449
20161103,-0.004079
20161104,-0.001766
20161107,0.022186
20161108,0.004279
20161109,0.010919
20161110,0.001677
20161111,-0.001388
20161114,-0.000078
20161115,0.007828
20161116,-0.001269
20161117,0.004581
20161118,-0.00234
20161121,0.007546
20161122,0.002337
20161123,0.000806
20161125,0.003954
20161128,-0.00509
20161129,0.001574
20161130,-0.002682
20161201,-0.003684
20161202,0.000412
20161205,0.005921
20161206,0.003436
20161207,0.013385
20161208,0.002241
20161209,0.005862
20161212,-0.001109
20161213,0.006688
20161214,-0.008034
20161215,0.00383
20161216,-0.001763
20161219,0.002005
20161220,0.003783
20161221,-0.002423
20161222,-0.001929
20161223,0.001354
20161227,0.002297
20161228,-0.008145
20161229,-0.000246
20161230,-0.004634
20170103,0.008524
20170104,0.006017
20170105,-0.000702
20170106,0.003721
20170109,-0.003469
20170110,-0.000013
20170111,0.002982
20170112,-0.002043
20170113,0.001778
20170117,-0.002746
20170118,0.001894
20170119,-0.003551
20170120,0.003397
20170123,-0.002582
20170124,0.00661
20170125,0.007907
20170126,-0.00068
20170127,-0.000971
20170130,-0.005914
20170131,-0.00082
20170201,0.000408
20170202,0.000706
20170203,0.007201
20170206,-0.002143
20170207,0.000334
20170208,0.001084
20170209,0.005981
20170210,0.003575
20170213,0.005383
20170214,0.004298
20170215,0.005146
20170216,-0.000909
20170217,0.002005
20170221,0.006131
20170222,-0.001011
20170223,0.000395
20170224,0.001748
20170227,0.00103
20170228,-0.002679
20170301,0.013611
20170302,-0.00568
20170303,0.000452
20170306,-0.003245
20170307,-0.002858
20170308,-0.001883
20170309,0.000825
20170310,0.003283
20170313,0.00067
20170314,-0.003223
20170315,0.008363
20170316,-0.001366
20170317,-0.001342
20170320,-0.002069
20170321,-0.012262
20170322,0.001926
20170323,-0.001041
20170324,-0.000811
20170327,-0.000943
20170328,0.007258
20170329,0.001449
20170330,0.002962
20170331,-0.002145
20170403,-0.001601
20170404,0.000739
20170405,-0.002922
20170406,0.002122
20170407,-0.000729
20170410,0.000785
20170411,-0.001251
20170412,-0.003692
20170413,-0.006767
20170417,0.008592
20170418,-0.002756
20170419,-0.001583
20170420,0.007563
20170421,-0.003016
20170424,0.010778
20170425,0.005989
20170426,-0.000463
20170427,0.000718
20170428,-0.001755
20170501,0.001752
20170502,0.001156
20170503,-0.001165
20170504,0.000778
20170505,0.004036
20170508,0.00012
20170509,-0.00084
20170510,0.001544
20170511,-0.001886
20170512,-0.001505
20170515,0.004893
20170516,-0.000532
20170517,-0.017765
20170518,0.003894
20170519,0.006803
20170522,0.005194
20170523,0.001866
20170524,0.002619
20170525,0.004637
20170526,0.000442
20170530,-0.001077
20170531,-0.000246
20170601,0.00779
20170602,0.003717
20170605,-0.001125
20170606,-0.002917
20170607,0.001804
20170608,0.000242
20170609,-0.001078
20170612,-0.000905
20170613,0.004788
20170614,-0.000869
20170615,-0.002126
20170616,-0.000004
20170619,0.008355
20170620,-0.006614
20170621,-0.000311
20170622,-0.000292
20170623,0.001557
20170626,0.000369
20170627,-0.008077
20170628,0.008989
20170629,-0.008639
20170630,0.001448
20170703,0.002172
20170705,0.001723
20170706,-0.008985
20170707,0.006416
20170710,0.000841
20170711,-0.000699
20170712,0.007441
20170713,0.001951
20170714,0.00478
20170717,-0.000049
20170718,0.00062
20170719,0.005406
20170720,-0.000002
20170721,-0.000323
20170724,-0.00093
20170725,0.002977
20170726,0.000368
20170727,-0.000869
20170728,-0.001417
20170731,-0.000852
20170801,0.002376
20170802,0.000468
20170803,-0.002013
20170804,0.001812
20170807,0.001753
20170808,-0.002295
20170809,-0.000307
20170810,-0.014158
20170811,0.001418
20170814,0.010084
20170815,-0.000278
20170816,0.001705
20170817,-0.015426
20170818,-0.001856
20170821,0.001212
20170822,0.00994
20170823,-0.003371
20170824,-0.002188
20170825,0.001694
20170828,0.000432
20170829,0.001033
20170830,0.004883
20170831,0.00567
20170901,0.002048
20170905,-0.007371
20170906,0.003125
20170907,0.000169
20170908,-0.001551
20170911,0.010761
20170912,0.003469
20170913,0.000841
20170914,-0.000843
20170915,0.001692
20170918,0.001348
20170919,0.001015
20170920,0.000675
20170921,-0.00302
20170922,0.000616
20170925,-0.002247
20170926,0.000224
20170927,0.004093
20170928,0.001397
20170929,0.00366
20171002,0.003877
20171003,0.002259
20171004,0.001291
20171005,0.00588
20171006,-0.000768
20171009,-0.001758
20171010,0.002565
20171011,0.001959
20171012,-0.001502
20171013,0.000898
20171016,0.001685
20171017,0.000645
20171018,0.000807
20171019,0.000345
20171020,0.005192
20171023,-0.003903
20171024,0.001649
20171025,-0.004605
20171026,0.001247
20171027,0.008374
20171030,-0.003219
20171031,0.001062
20171101,0.001601
20171102,0.000333
20171103,0.003278
20171106,0.001301
20171107,-0.000092
20171108,0.001637
20171109,-0.003541
20171110,-0.000429
20171113,0.001019
20171114,-0.002001
20171115,-0.005351
20171116,0.009226
20171117,-0.002675
20171120,0.001258
20171121,0.006422
20171122,-0.000617
20171124,0.002211
20171127,-0.00027
20171128,0.009686
20171129,-0.00028
20171130,0.008424
20171201,-0.002015
20171204,-0.001111
20171205,-0.00358
20171206,-0.000017
20171207,0.003135
20171208,0.005568
20171211,0.00318
20171212,0.001538
20171213,-0.000367
20171214,-0.003837
20171215,0.008871
20171218,0.005425
20171219,-0.003125
20171220,-0.000778
20171221,0.001918
20171222,-0.000401
20171226,-0.000854
20171227,0.000805
20171228,0.002006
20171229,-0.005153
20180102,0.008278
20180103,0.006439
20180104,0.004242
20180105,0.007046
20180108,0.001809
20180109,0.001561
20180110,-0.001224
20180111,0.007104
20180112,0.006827
20180116,-0.003477
20180117,0.009444
20180118,-0.001441
20180119,0.004494
20180122,0.008095
20180123,0.002332
20180124,-0.000505
20180125,0.000746
20180126,0.011833
20180129,-0.006455
20180130,-0.01075
20180131,0.000477
20180201,-0.000802
20180202,-0.02082
20180205,-0.040869
20180206,0.017497
20180207,-0.00485
20180208,-0.037319
20180209,0.014951
20180212,0.013963
20180213,0.002875
20180214,0.013778
20180215,0.012212
20180216,0.000438
20180220,-0.006364
20180221,-0.005479
20180222,0.001099
20180223,0.015958
20180226,0.011616
20180227,-0.012648
20180228,-0.010905
20180301,-0.013175
20180302,0.005148
20180305,0.011092
20180306,0.002668
20180307,-0.000412
20180308,0.004787
20180309,0.017286
20180312,-0.001205
20180313,-0.006243
20180314,-0.005415
20180315,-0.000838
20180316,0.001796
20180319,-0.014173
20180320,0.001355
20180321,-0.00178
20180322,-0.025057
20180323,-0.020962
20180326,0.027133
20180327,-0.017408
20180328,-0.002816
20180329,0.013847
20180402,-0.022603
20180403,0.012581
20180404,0.011639
20180405,0.007132
20180406,-0.021919
20180409,0.003559
20180410,0.016597
20180411,-0.005493
20180412,0.00828
20180413,-0.002918
20180416,0.008187
20180417,0.010819
20180418,0.000885
20180419,-0.005289
20180420,-0.008536
20180423,-0.000043
20180424,-0.013428
20180425,0.001845
20180426,0.010462
20180427,0.001203
20180430,-0.007996
20180501,0.002449
20180502,-0.007356
20180503,-0.002101
20180504,0.012933
20180507,0.00338
20180508,-0.000218
20180509,0.009503
20180510,0.009518
20180511,0.002117
20180514,0.000948
20180515,-0.006736
20180516,0.004428
20180517,-0.000679
20180518,-0.002632
20180521,0.007425
20180522,-0.003195
20180523,0.003406
20180524,-0.001959
20180525,-0.00217
20180529,-0.01146
20180530,0.012907
20180531,-0.006665
20180601,0.010939
20180604,0.00478
20180605,0.000749
20180606,0.008543
20180607,-0.000602
20180608,0.003144
20180611,0.001203
20180612,0.001816
20180613,-0.003889
20180614,0.002793
20180615,-0.000888
20180618,-0.002039
20180619,-0.003911
20180620,0.001668
20180621,-0.006173
20180622,0.001881
20180625,-0.013621
20180626,0.0022
20180627,-0.008635
20180628,0.006236
20180629,0.000819
20180702,0.003003
20180703,-0.004886
20180705,0.008779
20180706,0.00851
20180709,0.009223
20180710,0.003518
20180711,-0.006999
20180712,0.008888
20180713,0.001186
20180716,-0.000954
20180717,0.004152
20180718,0.001869
20180719,-0.00389
20180720,-0.000864
20180723,0.001797
20180724,0.004859
20180725,0.009146
20180726,-0.003051
20180727,-0.006494
20180730,-0.005769
20180731,0.004808
20180801,-0.001194
20180802,0.00509
20180803,0.004861
20180806,0.003469
20180807,0.002771
20180808,-0.000208
20180809,-0.001117
20180810,-0.006687
20180813,-0.003947
20180814,0.00662
20180815,-0.007539
20180816,0.00863
20180817,0.00334
20180820,0.002357
20180821,0.002052
20180822,-0.000295
20180823,-0.001718
20180824,0.006145
20180827,0.007753
20180828,0.000318
20180829,0.005908
20180830,-0.004273
20180831,0.000257
20180904,-0.001553
20180905,-0.002925
20180906,-0.003484
20180907,-0.002198
20180910,0.001961
20180911,0.003861
20180912,0.000385
20180913,0.005413
20180914,0.000355
20180917,-0.005691
20180918,0.005377
20180919,0.001158
20180920,0.007913
20180921,-0.000432
20180924,-0.003476
20180925,-0.001081
20180926,-0.003269
20180927,0.002975
20180928,-0.000004
20181001,0.003597
20181002,-0.000507
20181003,0.000547
20181004,-0.008027
20181005,-0.005596
20181008,-0.000374
20181009,-0.001132
20181010,-0.03281
20181011,-0.020409
20181012,0.014451
20181015,-0.005826
20181016,0.021537
20181017,-0.000107
20181018,-0.014414
20181019,-0.000223
20181022,-0.004162
20181023,-0.005335
20181024,-0.030793
20181025,0.018863
20181026,-0.017528
20181029,-0.006748
20181030,0.01574
20181031,0.010898
20181101,0.010772
20181102,-0.006303
20181105,0.005278
20181106,0.006261
20181107,0.021376
20181108,-0.001915
20181109,-0.008872
20181112,-0.01973
20181113,-0.001542
20181114,-0.007426
20181115,0.010784
20181116,0.002068
20181119,-0.016794
20181120,-0.017964
20181121,0.00322
20181123,-0.006254
20181126,0.015662
20181127,0.003142
20181128,0.023219
20181129,-0.002023
20181130,0.008354
20181203,0.011167
20181204,-0.032406
20181206,-0.001166
20181207,-0.023289
20181210,0.001836
20181211,-0.000315
20181212,0.005438
20181213,-0.000162
20181214,-0.018966
20181217,-0.020806
20181218,0.000361
20181219,-0.015413
20181220,-0.015962
20181221,-0.020924
20181224,-0.026911
20181226,0.049762
20181227,0.008541
20181228,-0.00105
20181231,0.008649
20190102,0.001445
20190103,-0.024185
20190104,0.034411
20190107,0.007184
20190108,0.009812
20190109,0.004378
20190110,0.004437
20190111,-0.000186
20190114,-0.005098
20190115,0.010897
20190116,0.002342
20190117,0.007688
20190118,0.013072
20190122,-0.014128
20190123,0.00224
20190124,0.001365
20190125,0.008474
20190128,-0.007767
20190129,-0.001588
20190130,0.015589
20190131,0.009047
20190201,0.000532
20190204,0.006822
20190205,0.004871
20190206,-0.00218
20190207,-0.009075
20190208,0.000921
20190211,0.000694
20190212,0.013018
20190213,0.003121
20190214,-0.002304
20190215,0.010843
20190219,0.001752
20190220,0.001832
20190221,-0.003445
20190222,0.006174
20190225,0.001318
20190226,-0.000786
20190227,-0.000344
20190228,-0.00231
20190301,0.006898
20190304,-0.003768
20190305,-0.001059
20190306,-0.006534
20190307,-0.008
20190308,-0.002004
20190311,0.014628
20190312,0.002939
20190313,0.007003
20190314,-0.000529
20190315,0.004991
20190318,0.003872
20190319,0.000071
20190320,-0.002928
20190321,0.010964
20190322,-0.018962
20190325,-0.000717
20190326,0.00709
20190327,-0.004685
20190328,0.003732
20190329,0.006741
20190401,0.011517
20190402,-0.00001
20190403,0.002156
20190404,0.002351
20190405,0.004658
20190408,0.001107
20190409,-0.005806
20190410,0.003639
20190411,0.000029
20190412,0.006635
20190415,-0.000535
20190416,0.000547
20190417,-0.002107
20190418,0.001579
20190422,0.001037
20190423,0.008963
20190424,-0.002133
20190425,-0.000425
20190426,0.004754
20190429,0.001062
20190430,0.000885
20190501,-0.007579
20190502,-0.002055
20190503,0.009847
20190506,-0.004217
20190507,-0.016479
20190508,-0.001591
20190509,-0.002655
20190510,0.004079
20190513,-0.024222
20190514,0.008204
20190515,0.006106
20190516,0.009243
20190517,-0.005822
20190520,-0.006675
20190521,0.008451
20190522,-0.002695
20190523,-0.011897
20190524,0.001541
20190528,-0.008258
20190529,-0.00688
20190530,0.002145
20190531,-0.013026
20190603,-0.003774
20190604,0.021461
20190605,0.008292
20190606,0.006412
20190607,0.010711
20190610,0.00489
20190611,-0.00033
20190612,-0.001926
20190613,0.004364
20190614,-0.001489
20190617,0.000955
20190618,0.009654
20190619,0.002994
20190620,0.009615
20190621,-0.001173
20190624,-0.001748
20190625,-0.009528
20190626,-0.001157
20190627,0.003914
20190628,0.005759
20190701,0.007703
20190702,0.003009
20190703,0.007925
20190705,-0.001645
20190708,-0.004766
20190709,0.00161
20190710,0.004575
20190711,0.002276
20190712,0.004736
20190715,0.000264
20190716,-0.003349
20190717,-0.006408
20190718,0.003601
20190719,-0.006124
20190722,0.002845
20190723,0.006862
20190724,0.004685
20190725,-0.005342
20190726,0.007469
20190729,-0.001819
20190730,-0.0025
20190731,-0.010922
20190801,-0.008869
20190802,-0.007262
20190805,-0.029815
20190806,0.013058
20190807,0.000913
20190808,0.018936
20190809,-0.006568
20190812,-0.011969
20190813,0.014964
20190814,-0.028994
20190815,0.003009
20190816,0.014498
20190819,0.012123
20190820,-0.007905
20190821,0.008248
20190822,-0.000517
20190823,-0.025935
20190826,0.011102
20190827,-0.003152
20190828,0.006525
20190829,0.012822
20190830,0.000769
20190903,-0.006681
20190904,0.010909
20190905,0.013217
20190906,0.000882
20190909,0.000104
20190910,0.000303
20190911,0.007254
20190912,0.003021
20190913,-0.000472
20190916,-0.003194
20190917,0.002621
20190918,0.000336
20190919,0.000141
20190920,-0.004882
20190923,-0.000053
20190924,-0.008351
20190925,0.006205
20190926,-0.002456
20190927,-0.005145
20190930,0.005126
20191001,-0.01223
20191002,-0.017947
20191003,0.008145
20191004,0.014223
20191007,-0.004477
20191008,-0.015368
20191009,0.009412
20191010,0.006456
20191011,0.011091
20191014,-0.001421
20191015,0.009907
20191016,-0.001846
20191017,0.002889
20191018,-0.003943
20191021,0.006919
20191022,-0.003536
20191023,0.002861
20191024,0.001989
20191025,0.003951
20191028,0.005625
20191029,-0.000959
20191030,0.003366
20191031,-0.002915
20191101,0.009649
20191104,0.003707
20191105,-0.001142
20191106,0.000823
20191107,0.003209
20191108,0.002693
20191111,-0.002018
20191112,0.00155
20191113,0.000776
20191114,0.001042
20191115,0.007663
20191118,0.000594
20191119,-0.000506
20191120,-0.003602
20191121,-0.001532
20191122,0.002199
20191125,0.00765
20191126,0.002265
20191127,0.004273
20191129,-0.003796
20191202,-0.008588
20191203,-0.006563
20191204,0.006336
20191205,0.001722
20191206,0.009108
20191209,-0.003062
20191210,-0.001121
20191211,0.00293
20191212,0.008631
20191213,0.000214
20191216,0.007038
20191217,0.000398
20191218,-0.000345
20191219,0.004534
20191220,0.004896
20191223,0.000893
20191224,-0.000132
20191226,0.005385
20191227,0.000028
20191230,-0.005631
20191231,0.002954
20200102,0.00857
20200103,-0.00695
20200106,0.003566
20200107,-0.002669
20200108,0.004827
20200109,0.006939
20200110,-0.002841
20200113,0.006957
20200114,-0.001388
20200115,0.001782
20200116,0.008459
20200117,0.003742
20200121,-0.002617
20200122,0.000322
20200123,0.00119
20200124,-0.009072
20200127,-0.015637
20200128,0.010111
20200129,-0.000904
20200130,0.003377
20200131,-0.017209
20200203,0.007296
20200204,0.014994
20200205,0.011113
20200206,0.003467
20200207,-0.005025
20200210,0.007484
20200211,0.002015
20200212,0.006558
20200213,-0.001323
20200214,0.001932
20200218,-0.002658
20200219,0.004782
20200220,-0.003852
20200221,-0.010591
20200224,-0.033359
20200225,-0.030269
20200226,-0.003772
20200227,-0.043781
20200228,-0.008242
20200302,0.045959
20200303,-0.028015
20200304,0.04215
20200305,-0.03363
20200306,-0.016819
20200309,-0.075275
20200310,0.049281
20200311,-0.048751
20200312,-0.095036
20200313,0.093205
20200316,-0.11897
20200317,0.060242
20200318,-0.050477
20200319,0.00467
20200320,-0.043187
20200323,-0.028576
20200324,0.092646
20200325,0.010971
20200326,0.062088
20200327,-0.033559
20200330,0.03355
20200331,-0.015948
20200401,-0.043645
20200402,0.022726
20200403,-0.014783
20200406,0.070022
20200407,-0.001661
20200408,0.033801
20200409,0.014454
20200413,-0.009366
20200414,0.030843
20200415,-0.021556
20200416,0.00619
20200417,0.026322
20200420,-0.017771
20200421,-0.030447
20200422,0.022846
20200423,-0.000388
20200424,0.013758
20200427,0.014428
20200428,-0.005305
20200429,0.026208
20200430,-0.008936
20200501,-0.027987
20200504,0.004454
20200505,0.009042
20200506,-0.006842
20200507,0.01207
20200508,0.017096
20200511,0.000148
20200512,-0.020434
20200513,-0.017138
20200514,0.011669
20200515,0.00427
20200518,0.031482
20200519,-0.010403
20200520,0.016702
20200521,-0.007929
20200522,0.002455
20200526,0.012164
20200527,0.014605
20200528,-0.001863
20200529,0.004922
20200601,0.003979
20200602,0.008075
20200603,0.013602
20200604,-0.003255
20200605,0.025805
20200608,0.012263
20200609,-0.007465
20200610,-0.005108
20200611,-0.058263
20200612,0.013059
20200615,0.008464
20200616,0.018946
20200617,-0.003646
20200618,0.000805
20200619,-0.005284
20200622,0.006531
20200623,0.004316
20200624,-0.025571
20200625,0.010927
20200626,-0.024285
20200629,0.01474
20200630,0.015346
20200701,0.005266
20200702,0.004715
20200706,0.01607
20200707,-0.010446
20200708,0.007812
20200709,-0.00493
20200710,0.0106
20200713,-0.00953
20200714,0.013302
20200715,0.008938
20200716,-0.003355
20200717,0.002691
20200720,0.008785
20200721,0.001624
20200722,0.005591
20200723,-0.012421
20200724,-0.006038
20200727,0.007415
20200728,-0.006553
20200729,0.012316
20200730,-0.003576
20200731,0.007894
20200803,0.006842
20200804,0.003775
20200805,0.006357
20200806,0.006495
20200807,0.000845
20200810,0.002842
20200811,-0.00802
20200812,0.014106
20200813,-0.001655
20200814,-0.000052
20200817,0.002937
20200818,0.002708
20200819,-0.004358
20200820,0.003108
20200821,0.003508
20200824,0.01011
20200825,0.003522
20200826,0.010173
20200827,0.001848
20200828,0.006933
20200831,-0.002009
20200901,0.007952
20200902,0.015351
20200903,-0.034955
20200904,-0.008178
20200908,-0.027921
20200909,0.020237
20200910,-0.017577
20200911,0.000399
20200914,0.012983
20200915,0.005349
20200916,-0.004753
20200917,-0.008466
20200918,-0.01134
20200921,-0.011303
20200922,0.01082
20200923,-0.023827
20200924,0.003153
20200925,0.016035
20200928,0.016099
20200929,-0.004733
20200930,0.008263
20201001,0.005692
20201002,-0.00976
20201005,0.01806
20201006,-0.014074
20201007,0.017392
20201008,0.008262
20201009,0.009028
20201012,0.016701
20201013,-0.00613
20201014,-0.006746
20201015,-0.001529
20201016,-0.000083
20201019,-0.016384
20201020,0.004811
20201021,-0.002255
20201022,0.005249
20201023,0.003499
20201026,-0.018394
20201027,-0.002814
20201028,-0.035198
20201029,0.011972
20201030,-0.012228
20201102,0.012177
20201103,0.017793
20201104,0.022218
20201105,0.019562
20201106,-0.000009
20201109,0.011314
20201110,-0.00143
20201111,0.0079
20201112,-0.009679
20201113,0.013753
20201116,0.011511
20201117,-0.004642
20201118,-0.011277
20201119,0.004214
20201120,-0.00683
20201123,0.005592
20201124,0.016071
20201125,-0.00139
20201127,0.002563
20201130,-0.004343
20201201,0.01134
20201202,0.001739
20201203,-0.00047
20201204,0.008764
20201207,-0.001935
20201208,0.002839
20201209,-0.008042
20201210,-0.001213
20201211,-0.001219
20201214,-0.004099
20201215,0.012944
20201216,0.001945
20201217,0.005729
20201218,-0.003363
20201221,-0.002768
20201222,-0.001989
20201223,0.000729
20201224,0.003623
20201228,0.008938
20201229,-0.00224
20201230,0.001475
20201231,0.006367